player,placement,level,traits,augments,units,tactician's crowns
gachagom,1,9,"['7 Anima Squad', '1 Corrupted', '3 Prankster', '1 Ace', '2 Brawler', '3 Threat']","[['Preparation III', False], ['Prankster Crest', False], ['Back for Blood', True]]","[['2', '2', 'Jinx', []], ['2', '3', 'Riven', ['Shroud of Stillness']], ['2', '3', 'Vayne', []], ['2', '4', 'Sejuani', [""Protector's Vow"", ""Warmog's Armor""]], ['2', '4', 'Ekko', []], ['2', '4', 'BelVeth', ['Anima Squad Emblem', 'Hextech Gunblade', 'Titan’s Resolve']], ['2', '4', 'MissFortune', ['Jeweled Gauntlet', 'Spear of Shojin']], ['1', '5', 'Fiddlesticks', ['Anima Squad Emblem', 'Sunfire Cape']], ['1', '5', 'Urgot', ['Anima Squad Emblem', 'Prankster Emblem']]]",0
gachagom,4,8,"['1 Corrupted', '1 Forecaster', '1 Ace', '2 Aegis', '1 Civilian', '2 Prankster', '2 Threat']","[['Battlemage II', False], ['Channelled Ferromancy', True], ['Component Grab Bag', False]]","[['2', '2', 'Rell', []], ['2', '3', 'Zoe', []], ['2', '3', 'Alistar', []], ['2', '4', 'Zac', ['Sunfire Cape', ""Warmog's Armor""]], ['2', '4', 'Ekko', [""Archangel's Staff"", 'Rapid Firecannon', ""Thief's Gloves""]], ['2', '4', 'MissFortune', ['Hextech Gunblade', ""Rabadon's Deathcap"", 'Spear of Shojin']], ['1', '5', 'Janna', ['Statikk Shiv']], ['2', '5', 'Fiddlesticks', [""Guinsoo's Rageblade"", 'Giant Slayer', 'Titan’s Resolve']]]",0
gachagom,2,8,"['5 Mecha: PRIME', '1 Ace', '2 Aegis', '2 Brawler', '2 Defender', '2 Prankster']","[['Makeshift Armor I', False], ['Phony Frontline', False], ['Chronobreak', True]]","[['2', '1', 'Wukong', []], ['3', '2', 'Draven', ['Bloodthirster', 'Deathblade', ""Guinsoo's Rageblade""]], ['2', '3', 'Zoe', ['Last Whisper', 'Blue Buff', ""Zeke's Herald""]], ['2', '3', 'Jax', []], ['2', '4', 'Sejuani', ['Morellonomicon']], ['2', '4', 'Sett', []], ['2', '4', 'Ekko', ['Chalice of Power', ""Dragon's Claw"", 'Titan’s Resolve']], ['1', '5', 'Leona', ['Hextech Gunblade']]]",0
gachagom,1,8,"['4 Recon', '4 Brawler', '2 Aegis', '2 Duelist', '3 Star Guardian']","[['Boxing Lessons', True], ['Brawler Crown', False], ['Ancient Archives I', False]]","[['2', '2', 'Ezreal', ['Last Whisper', ""Runaan's Hurricane""]], ['2', '2', 'Vi', []], ['2', '3', ""Kai'Sa"", ['Statikk Shiv', 'Hand of Justice', ""Zeke's Herald""]], ['2', '3', 'Nilah', []], ['3', '3', 'Jax', ['Recon Emblem', ""Guinsoo's Rageblade"", 'Titan’s Resolve']], ['3', '3', 'Vayne', ['Deathblade', ""Guinsoo's Rageblade"", 'Quicksilver']], ['1', '4', 'Sejuani', [""Protector's Vow""]], ['2', '4', 'Ekko', ['Brawler Emblem', 'Sunfire Cape', 'Redemption']]]",0
gachagom,7,8,"['6 Duelist', '2 Brawler', '2 Hacker', '3 LaserCorps', '1 Threat']","[['Preparation III', False], ['Brawler Crest', False], ['Shiny', True]]","[['2', '1', 'Kayle', []], ['2', '2', 'Yasuo', []], ['2', '2', 'Fiora', []], ['2', '3', 'LeBlanc', []], ['2', '3', 'Nilah', [""Rabadon's Deathcap""]], ['2', '3', 'Vayne', [""Guinsoo's Rageblade"", 'Giant Slayer', ""Thief's Gloves""]], ['2', '4', 'Sejuani', ['Gargoyle Stoneplate', 'Blue Buff']], ['2', '4', 'Zed', ['Edge of Night', 'Hextech Gunblade', 'Titan’s Resolve']], ['1', '5', 'Urgot', ['Brawler Emblem', 'Last Whisper', 'Blue Buff']]]",1
gachagom,1,7,"['6 Brawler', '2 Threat']","[['Invigorate', True], ['Celestial Blessing II', False], ['Scoped Weapons I', False]]","[['2', '1', 'Renekton', []], ['2', '2', 'Lee Sin', []], ['2', '2', 'Vi', []], ['2', '3', 'Riven', []], ['3', '3', 'Jax', [""Guinsoo's Rageblade"", 'Quicksilver', 'Titan’s Resolve']], ['2', '4', 'Sejuani', [""Protector's Vow"", ""Warmog's Armor""]], ['2', '4', 'Aurelion Sol', ['Chalice of Power']], ['2', '4', 'BelVeth', ['Hextech Gunblade', 'Last Whisper', ""Runaan's Hurricane""]]]",1
gb spartan,2,8,"['3 Renegade', '3 Aegis', '2 A.D.M.I.N.', '2 Hacker', '2 Mascot', '2 Ox Force', '2 Prankster']","[['Item Grab Bag I', False], ['Adaptive Defensives', True], ['Makeshift Armor II', False]]","[['2', '1', 'Talon', ['Infinity Edge', 'Ionic Spark', 'Hand of Justice']], ['3', '2', 'Camille', ['Bloodthirster', 'Last Whisper', 'Giant Slayer']], ['2', '3', 'LeBlanc', [""Archangel's Staff"", 'Rapid Firecannon', ""Thief's Gloves""]], ['2', '3', 'Zoe', []], ['2', '3', 'Alistar', [""Zz'Rot Portal"", ""Zz'Rot Portal""]], ['1', '4', 'Ekko', []], ['1', '5', 'Leona', []], ['1', '5', 'Nunu', []]]",0
gb spartan,4,8,"['4 Renegade', '3 Aegis', '2 A.D.M.I.N.', '2 Hacker', '2 Ox Force', '2 Prankster']","[['Hextech Retribution', True], ['Trade Sector+', False], ['Component Grab Bag', False]]","[['3', '1', 'Talon', ['Ionic Spark', 'Sunfire Cape', 'Hand of Justice']], ['3', '1', 'Sylas', ['Bramble Vest', ""Zz'Rot Portal"", ""Zeke's Herald""]], ['3', '2', 'Camille', ['Bloodthirster', 'Infinity Edge', 'Titan’s Resolve']], ['2', '3', 'LeBlanc', []], ['2', '3', 'Zoe', []], ['3', '3', 'Alistar', [""Protector's Vow""]], ['1', '4', 'Ekko', []], ['1', '5', 'Leona', []]]",0
gb spartan,1,9,"['4 Aegis', '1 Arsenal', '1 Corrupted', '1 Ace', '2 Ox Force', '2 Sureshot', '2 Threat']","[['True Twos', False], ['Radiant Relics', False], ['Shiny', True]]","[['2', '2', 'Vi', []], ['2', '3', 'Alistar', []], ['2', '4', 'Samira', ['Bloodthirster']], ['2', '4', 'Ekko', []], ['2', '5', 'Fiddlesticks', []], ['2', '5', 'Fiddlesticks', ['Infinity Edge', 'Ionic Spark', ""Warmog's Armor""]], ['2', '5', 'Leona', [""Bulwark's Oath"", ""Dragon's Claw"", 'Sunfire Cape']], ['2', '5', 'Aphelios', ['Giant Slayer', 'Titan’s Resolve', 'Hand of Justice']], ['2', '5', 'Urgot', ['Hextech Gunblade', 'Last Whisper', 'Spear of Shojin']]]",0
gb spartan,3,8,"['4 Spellslinger', '5 Star Guardian', '2 Aegis', '3 Heart', '2 Mascot', '2 Ox Force']","[['Cybernetic Shell I', False], ['Burning Spirit', True], ['Component Grab Bag', False]]","[['2', '1', 'Lux', []], ['2', '2', 'Yuumi', []], ['2', '2', 'Annie', ['Bloodthirster', 'Ionic Spark', 'Sunfire Cape']], ['2', '3', 'Alistar', ['Sparring Gloves']], ['2', '3', 'Sona', ['Chalice of Power', ""Zeke's Herald""]], ['2', '4', 'Taliyah', ['Jeweled Gauntlet', 'Spear of Shojin', 'Hand of Justice']], ['2', '4', 'Ekko', [""Zz'Rot Portal""]], ['1', '5', 'Syndra', ['Rapid Firecannon']]]",0
gb spartan,1,9,"['5 Anima Squad', '3 Aegis', '4 Mascot', '1 Ace', '2 Brawler', '1 Civilian', '2 Prankster']","[['Stacks on Stacks', True], ['Tiny Titans', False], ['Verdant Veil', False]]","[['3', '1', 'Nasus', ['Bloodthirster', ""Guinsoo's Rageblade"", 'Titan’s Resolve']], ['3', '1', 'Galio', ['Anima Squad Emblem', 'Ionic Spark', ""Zeke's Herald""]], ['1', '2', 'Jinx', ['Last Whisper']], ['2', '2', 'Vi', ['Zephyr']], ['2', '3', 'Alistar', [""Zeke's Herald""]], ['2', '3', 'Riven', []], ['1', '4', 'Ekko', []], ['2', '4', 'MissFortune', ['Hextech Gunblade', 'Blue Buff', ""Thief's Gloves""]], ['1', '5', 'Nunu', []]]",0
gb spartan,6,7,"['4 A.D.M.I.N.', '4 Brawler', '4 Heart']","[['Dynamic Defenses', True], ['Portable Forge', False], ['First Aid Kit II', False]]","[['3', '1', 'Blitzcrank', ['Anima Visage', 'Gargoyle Stoneplate', 'Redemption']], ['3', '1', 'Lulu', ['A.D.M.I.N. Emblem', 'Jeweled Gauntlet', 'Blue Buff']], ['2', '2', 'Yuumi', []], ['2', '2', 'Lee Sin', ['Shroud of Stillness']], ['2', '2', 'Camille', []], ['2', '2', 'Vi', []], ['1', '4', 'Soraka', []], ['1', '4', 'Sejuani', ['Morellonomicon']]]",1
bossoskills,1,9,"['1 Corrupted', '5 Gadgeteen', '5 Mecha: PRIME', '2 Defender', '1 Threat']","[['Gadgeteen crest', False], ['Regenerative Shields', True], ['Mecha: PRIME Crest', False]]","[['2', '1', 'Wukong', []], ['2', '1', 'Lulu', [""Protector's Vow"", 'Guardbreaker', ""Thief's Gloves""]], ['2', '2', 'Annie', ['Mecha: PRIME Emblem', ""Protector's Vow""]], ['2', '3', 'Zoe', ['Hextech Gunblade', 'Morellonomicon', 'Blue Buff']], ['2', '3', 'Jax', []], ['2', '4', 'Sett', ['Gadgeteen Emblem', 'Bloodthirster', 'Titan’s Resolve']], ['1', '5', 'Fiddlesticks', []], ['1', '5', 'Nunu', ['Shroud of Even Still-erness', 'Hextech Gunblade', ""Warmog's Armor""]], ['2', '5', 'Leona', ['Jump-Started Spear of Shojin', 'Chalice of Power', 'Sparring Gloves']]]",0
bossoskills,5,8,"['1 Forecaster', '6 Spellslinger', '5 Star Guardian', '1 Civilian', '2 Heart', '1 Threat']","[['Spellslinger Crest', False], ['Ancient Archives I', False], ['Supersize', True]]","[['2', '1', 'Lux', []], ['2', '2', 'Annie', ['Star Guardian Emblem', ""Protector's Vow"", 'Ionic Spark']], ['2', '3', 'Sona', []], ['1', '4', 'Ekko', ['Spellslinger Emblem']], ['2', '4', 'Zac', [""Zz'Rot Portal"", ""Zz'Rot Portal""]], ['2', '4', 'Taliyah', ['Jeweled Gauntlet', 'Giant Slayer', 'Spear of Shojin']], ['1', '5', 'Syndra', ['Chalice of Power']], ['1', '5', 'Janna', []]]",0
bossoskills,1,9,"['7 Anima Squad', '1 Corrupted', '1 Forecaster', '1 Ace', '2 Brawler', '1 Civilian', '2 Threat']","[['Thrill of the Hunt II', False], ['Anima Squad Crest', False], ['Bunny Mercenary', True]]","[['2', '1', 'Nasus', [""Zz'Rot Portal""]], ['2', '2', 'Jinx', []], ['2', '3', 'Riven', []], ['2', '3', 'Vayne', [""Zeke's Herald""]], ['2', '4', 'Sejuani', [""Protector's Vow"", 'Sunfire Cape']], ['2', '4', 'MissFortune', [""Guinsoo's Rageblade"", 'Jeweled Gauntlet', 'Giant Slayer']], ['2', '5', 'Fiddlesticks', ['Anima Squad Emblem', 'Ionic Spark', 'Morellonomicon']], ['2', '5', 'Urgot', ['Anima Squad Emblem', 'Infinity Edge', ""Runaan's Hurricane""]], ['2', '5', 'Janna', []]]",0
bossoskills,6,9,"['4 A.D.M.I.N.', '6 Brawler', '1 Corrupted', '3 Heart', '1 Threat']","[['Unrelenting Force', True], ['Brawler Crown', False], ['Phony Frontline', False]]","[['2', '1', 'Blitzcrank', []], ['2', '2', 'Lee Sin', []], ['2', '2', 'Vi', ['A.D.M.I.N. Emblem', ""Protector's Vow"", 'Sunfire Cape']], ['2', '3', 'Riven', ['Ionic Spark']], ['3', '3', 'LeBlanc', ['Brawler Emblem', ""Archangel's Staff"", 'Infinity Edge']], ['1', '4', 'Sejuani', []], ['2', '4', 'Soraka', [""Guinsoo's Rageblade"", 'Giant Slayer', 'Statikk Shiv']], ['1', '5', 'Fiddlesticks', []], ['1', '5', 'Syndra', []]]",0
bossoskills,2,8,"['1 Corrupted', '4 Recon', '4 Threat']","[['Preparation III', False], ['Double Trouble II', False], ['Rising Tide', True]]","[['2', '1', 'Ashe', []], ['2', '2', 'Ezreal', ['Zephyr']], ['2', '3', ""Kai'Sa"", ['Quicksilver', 'Hand of Justice']], ['2', '3', 'Rammus', []], ['2', '3', 'Vayne', []], ['3', '3', ""Kai'Sa"", [""Guinsoo's Rageblade"", 'Hextech Gunblade', 'Statikk Shiv']], ['2', '4', 'Zac', ['Bramble Vest', 'Sunfire Cape']], ['1', '5', 'Fiddlesticks', []], ['1', '5', 'Urgot', [""Zeke's Herald""]]]",1
bossoskills,2,8,"['5 Anima Squad', '3 Prankster', '1 Ace', '2 Aegis', '2 Brawler', '2 Defender', '2 Duelist', '2 Mascot']","[['Soul Eater', True], ['Prankster Crest', False], ['Ascension', False]]","[['2', '1', 'Nasus', []], ['2', '2', 'Jinx', []], ['1', '3', 'Nilah', []], ['2', '3', 'Alistar', []], ['2', '3', 'Vayne', []], ['3', '3', 'Riven', ['Bloodthirster', 'Bramble Vest', 'Ionic Spark']], ['1', '4', 'Sett', []], ['1', '4', 'Ekko', []], ['1', '4', 'MissFortune', [""Guinsoo's Rageblade"", 'Infinity Edge', 'Giant Slayer']], ['2', '4', 'Sejuani', ['Prankster Emblem', 'Ionic Spark', 'Sunfire Cape']]]",2
invectiv,5,8,"['1 Corrupted', '2 A.D.M.I.N.', '2 Aegis', '2 Hacker', '2 Heart', '2 Ox Force', '2 Prankster', '2 Spellslinger', '1 Threat']","[['Woodland Charm', False], ['Portable Forge', False], ['Empowered Reserves', True]]","[['2', '2', 'Annie', [""Zz'Rot Portal""]], ['2', '3', 'Alistar', []], ['2', '3', 'LeBlanc', ['Giant Slayer', 'Guardbreaker']], ['2', '3', 'Zoe', []], ['2', '3', 'Alistar', ['Eternal Winter', ""Dragon's Claw"", 'Ionic Spark']], ['1', '4', 'Ekko', []], ['2', '4', 'Soraka', ['Jeweled Gauntlet', 'Guardbreaker', 'Blue Buff']], ['1', '5', 'Fiddlesticks', ['Morellonomicon']], ['1', '5', 'Syndra', []]]",1
invectiv,1,9,"['1 Arsenal', '1 Corrupted', '6 Ox Force', '3 Renegade', '1 Ace', '2 Mascot', '2 Sureshot', '1 Threat']","[[""Three's Company"", False], ['Burning Spirit', True], ['Ancient Archives I', False]]","[['2', '1', 'Talon', ['Chalice of Power', 'Chalice of Power', 'Zephyr']], ['2', '2', 'Camille', []], ['2', '2', 'Annie', []], ['2', '3', 'Alistar', []], ['1', '4', 'Samira', []], ['3', '4', 'Viego', ['Bloodthirster', 'Ionic Spark', 'Titan’s Resolve']], ['1', '5', 'Aphelios', []], ['1', '5', 'Nunu', ['Ox Force Emblem', 'Giant Slayer', ""Warmog's Armor""]], ['2', '5', 'Fiddlesticks', [""Rabadon's Deathcap""]]]",0
invectiv,4,8,"['1 Arsenal', '1 Corrupted', '3 Aegis', '2 Ox Force', '3 Threat']","[['Tiny Titans', False], ['Last Stand', False], ['Back for Blood', True]]","[['2', '2', 'Vi', []], ['2', '3', 'Alistar', [""Zz'Rot Portal""]], ['2', '4', 'Aurelion Sol', ['Guardbreaker', 'Spear of Shojin']], ['2', '4', 'Ekko', ['Bramble Vest', ""Dragon's Claw"", 'Gargoyle Stoneplate']], ['2', '4', 'BelVeth', ['Deathblade', ""Guinsoo's Rageblade"", 'Last Whisper']], ['2', '4', 'BelVeth', [""Archangel's Staff"", 'Rapid Firecannon', ""Thief's Gloves""]], ['1', '5', 'Aphelios', []], ['2', '5', 'Fiddlesticks', ['Recurve Bow']]]",0
invectiv,1,7,"['3 Supers', '4 Mascot', '2 Duelist', '2 Heart', '3 Star Guardian']","[['Battlemage I', False], ['Hold the Line', True], ['First Aid Kit II', False]]","[['3', '1', 'Gangplank', []], ['3', '2', 'Yuumi', ['Hextech Gunblade', 'Jeweled Gauntlet', 'Giant Slayer']], ['3', '2', 'Malphite', []], ['3', '2', 'Lee Sin', []], ['3', '2', 'Rell', ['Bramble Vest', ""Dragon's Claw"", 'Ionic Spark']], ['2', '3', 'Alistar', ['Shroud of Stillness']], ['2', '3', 'Nilah', ['Mascot Emblem', 'Redemption']]]",0
invectiv,1,8,"['1 Corrupted', '2 Aegis', '3 Gadgeteen', '2 Heart', '2 Mascot', '2 Ox Force', '2 Prankster', '2 Spellslinger', '2 Threat']","[['BattlemageIII', False], ['Celestial Blessing II', False], ['Contagious Laughter', True]]","[['2', '2', 'Annie', []], ['2', '3', 'Zoe', []], ['2', '3', 'Alistar', []], ['2', '3', 'Sona', ['Chalice of Power', 'Chalice of Power']], ['2', '4', 'Aurelion Sol', ['OVERFLOW_ERROR // Giant Slayer', ""Archangel's Staff"", 'Jeweled Gauntlet']], ['2', '4', 'Ekko', ['Bramble Vest', 'Ionic Spark', 'Redemption']], ['1', '5', 'Fiddlesticks', ['Jeweled Gauntlet']], ['1', '5', 'Syndra', []], ['1', '5', 'Nunu', [""Tactician's Crown""]]]",1
invectiv,7,8,"['6 A.D.M.I.N.', '1 Corrupted', '2 Aegis', '2 Hacker', '2 Heart', '2 Prankster', '2 Spellslinger', '1 Threat']","[['Rocket Grab', True], ['Ancient Archives I', False], ['Axiom Arc II', False]]","[['2', '1', 'Blitzcrank', []], ['2', '2', 'Camille', []], ['2', '3', 'LeBlanc', ['Hextech Gunblade', 'Giant Slayer']], ['2', '3', 'Zoe', ['A.D.M.I.N. Emblem']], ['2', '3', 'Alistar', ['Bramble Vest', 'Ionic Spark', 'Redemption']], ['2', '3', 'Sona', ['A.D.M.I.N. Emblem']], ['1', '4', 'Ekko', []], ['2', '4', 'Soraka', []], ['1', '5', 'Fiddlesticks', ['Sunfire Cape']]]",1
filup,3,9,"['1 Arsenal', '1 Corrupted', '1 Ace', '2 Aegis', '2 Brawler', '2 Mascot', '2 Ox Force', '2 Sureshot', '3 Threat']","[['Exiles I', False], ['Boxing Lessons', True], ['Portable Forge', False]]","[['2', '2', 'Vi', ['Sunfire Cape']], ['2', '3', 'Alistar', [""Zz'Rot Portal""]], ['1', '4', 'Sejuani', [""Protector's Vow""]], ['2', '4', 'Zac', []], ['2', '4', 'Aurelion Sol', ['Jeweled Gauntlet', 'Spear of Shojin', ""Zeke's Herald""]], ['2', '4', 'Samira', ['Hextech Gunblade', 'Last Whisper', 'Giant Slayer']], ['1', '5', 'Fiddlesticks', [""Zhonya's Paradox"", 'Ionic Spark', 'Guardbreaker']], ['1', '5', 'Aphelios', ['Edge of Night']], ['1', '5', 'Nunu', []]]",0
filup,5,8,"['6 Brawler', '1 Corrupted', '2 A.D.M.I.N.', '2 Heart', '1 Threat']","[['Reign of Anger', True], ['Second Wind II', False], ['Ascension', False]]","[['1', '1', 'Renekton', []], ['2', '1', 'Blitzcrank', []], ['2', '2', 'Lee Sin', []], ['3', '3', 'Jax', ['Bloodthirster', 'Quicksilver', 'Titan’s Resolve']], ['3', '3', 'Riven', ['Ionic Spark', 'Sunfire Cape', 'Redemption']], ['1', '4', 'Soraka', ['Needlessly Large Rod', 'Blue Buff']], ['1', '4', 'Sejuani', [""Protector's Vow"", ""Warmog's Armor""]], ['1', '5', 'Fiddlesticks', []]]",0
filup,2,9,"['3 Prankster', '4 Recon', '2 Duelist', '3 Star Guardian', '2 Threat']","[['Recon Crest', False], ['Portable Forge', False], ['Chronobreak', True]]","[['1', '2', 'Jinx', []], ['2', '2', 'Ezreal', ['Recurve Bow']], ['1', '3', 'Zoe', []], ['2', '3', 'Nilah', [""Protector's Vow"", 'Redemption', ""Thief's Gloves""]], ['2', '3', 'Vayne', ['Giant Slayer', 'Giant Slayer', 'Statikk Shiv']], ['3', '3', ""Kai'Sa"", [""Zhonya's Paradox"", ""Guinsoo's Rageblade"", 'Hextech Gunblade']], ['3', '3', 'Rammus', ['Sunfire Cape']], ['3', '3', ""Cho'Gath"", [""Dragon's Claw"", 'Redemption']], ['2', '4', 'Ekko', ['Recon Emblem', ""Dragon's Claw"", 'Redemption']]]",0
filup,3,8,"['2 Aegis', '3 Gadgeteen', '2 Mascot', '2 Ox Force', '2 Prankster', '2 Spellslinger', '3 Star Guardian', '2 Threat']","[['Star Guardian Crest', False], ['Component Grab Bag', False], ['Be the Stone', True]]","[['1', '2', 'Annie', [""Zz'Rot Portal""]], ['2', '3', 'Zoe', [""Tactician's Crown""]], ['2', '3', 'Alistar', ['Magnetized lonic Spark']], ['3', '3', ""Cho'Gath"", ['Ionic Spark', 'Sunfire Cape', 'Redemption']], ['1', '4', 'Ekko', []], ['2', '4', 'Aurelion Sol', ['Star Guardian Emblem', 'Jeweled Gauntlet', 'Guardbreaker']], ['2', '4', 'Aurelion Sol', []], ['2', '4', 'Taliyah', ['Giant Slayer', 'Guardbreaker', 'Spear of Shojin']], ['1', '5', 'Nunu', [""Giant's Belt""]]]",1
filup,4,8,"['1 Arsenal', '4 Sureshot', '1 Ace', '1 Civilian', '2 Ox Force', '4 Threat']","[['Woodland Charm', False], ['Makeshift Armor II', False], ['Armor Piercing Rounds', True]]","[['2', '2', 'Sivir', []], ['2', '3', 'Rammus', []], ['2', '3', 'Senna', []], ['2', '3', 'Rammus', [""Dragon's Claw"", 'Sunfire Cape']], ['2', '3', ""Cho'Gath"", []], ['2', '3', 'Alistar', []], ['2', '4', 'Aurelion Sol', ['Blue Buff', 'Statikk Shiv']], ['2', '4', 'Samira', ['Hextech Gunblade', 'Last Whisper', 'Giant Slayer']], ['1', '5', 'Aphelios', []], ['2', '5', 'Urgot', ['Guardbreaker', ""Runaan's Hurricane""]]]",2
filup,3,9,"['8 Duelist', '1 Arsenal', '2 Hacker', '2 Ox Force']","[['Spirit of the Exile', True], ['Trade Sector+', False], ['Duelist Crest', False]]","[['2', '1', 'Gangplank', [""Tactician's Crown""]], ['2', '1', 'Kayle', []], ['1', '2', 'Fiora', ['Shroud of Stillness']], ['2', '2', 'Yasuo', []], ['2', '3', 'Zoe', []], ['2', '3', 'Nilah', ['Gargoyle Stoneplate', 'Negatron Cloak']], ['2', '3', 'Vayne', ['Statikk Shiv']], ['1', '4', 'Zed', ['Last Whisper', 'Quicksilver', 'Hand of Justice']], ['1', '4', 'Zed', []], ['2', '5', 'Aphelios', ['Duelist Emblem', 'Hextech Gunblade', 'Giant Slayer']]]",1
voids1n,2,8,"['8 Brawler', '2 A.D.M.I.N.', '2 Heart']","[['Boxing Lessons', True], ['Second Wind I', False], ['Component Grab Bag', False]]","[['2', '1', 'Renekton', []], ['2', '1', 'Blitzcrank', []], ['2', '2', 'Lee Sin', []], ['2', '2', 'Vi', [""Dragon's Claw"", 'Ionic Spark', 'Titan’s Resolve']], ['2', '3', 'Riven', ['Morellonomicon']], ['3', '3', 'Jax', ['Hextech Gunblade', 'Hextech Gunblade', 'Rapid Firecannon']], ['1', '4', 'Soraka', ['Brawler Emblem', ""Archangel's Staff"", 'Spear of Shojin']], ['2', '4', 'Sejuani', ['Bramble Vest', 'Sunfire Cape', 'Titan’s Resolve']]]",0
voids1n,1,9,"['6 Renegade', '1 Corrupted', '4 Ox Force', '1 Ace', '2 Aegis', '1 Threat']","[['Battlemage II', False], ['Component Grab Bag', False], ['Eclipse Prime', True]]","[['1', '1', 'Sylas', ['Zephyr']], ['2', '1', 'Talon', ['Chalice of Power', 'Chalice of Power', 'Ionic Spark']], ['2', '2', 'Camille', []], ['2', '2', 'Annie', []], ['2', '3', 'Alistar', ['Ionic Spark', 'Sunfire Cape']], ['2', '4', 'Viego', ['Jeweled Gauntlet', 'Titan’s Resolve', 'Hand of Justice']], ['2', '5', 'Fiddlesticks', ['Jeweled Gauntlet']], ['2', '5', 'Mordekaiser', ['Renegade Emblem', 'Chalice of Power', 'Chalice of Power']], ['2', '5', 'Leona', [""Dragon's Claw"", 'Rapid Firecannon']]]",0
voids1n,2,8,"['1 Corrupted', '3 Recon', '2 Duelist', '4 Threat']","[['Item Grab Bag I', False], ['Celestial Blessing II', False], ['Supersize', True]]","[['1', '2', 'Ezreal', []], ['2', '3', 'Rammus', ['Zephyr']], ['3', '3', ""Kai'Sa"", [""Guinsoo's Rageblade"", 'Jeweled Gauntlet', 'Statikk Shiv']], ['3', '3', ""Cho'Gath"", ['Mascot Emblem', 'Edge of Night']], ['3', '3', 'Nilah', ['Titan’s Resolve']], ['3', '3', 'Vayne', ['Deathblade', 'Hextech Gunblade', ""Runaan's Hurricane""]], ['2', '4', 'Zac', [""Protector's Vow"", 'Sunfire Cape', ""Warmog's Armor""]], ['1', '5', 'Fiddlesticks', []]]",0
voids1n,4,8,"['6 Heart', '2 A.D.M.I.N.', '3 Gadgeteen', '2 Mascot', '2 Prankster', '3 Star Guardian']","[['Heart Crest', False], [""Luden's Echo II"", False], ['Exaggerated Reporting', True]]","[['2', '1', 'Lulu', []], ['1', '2', 'Yuumi', []], ['2', '3', 'Zoe', ['Heart Emblem']], ['2', '3', 'Sona', ['A.D.M.I.N. Emblem', 'Infinity Edge', ""Rabadon's Deathcap""]], ['1', '4', 'Soraka', ['Needlessly Large Rod']], ['2', '4', 'Ekko', ['Bramble Vest', 'Statikk Shiv']], ['1', '5', 'Syndra', [""Zeke's Herald""]], ['1', '5', 'Nunu', ['Chainsword Bloodthirster', 'Giant Slayer', 'Sunfire Cape']]]",0
voids1n,7,8,"['1 Forecaster', '4 Spellslinger', '5 Star Guardian', '2 Aegis', '1 Civilian', '2 Mascot', '2 Ox Force', '2 Prankster']","[['Bigger, Better Buckler', True], ['Item Grab Bag I', False], ['The Golden Egg', False]]","[['2', '1', 'Lux', [""Guinsoo's Rageblade""]], ['1', '2', 'Annie', []], ['2', '2', 'Yuumi', []], ['2', '2', 'Rell', [""Rabadon's Deathcap"", 'Statikk Shiv', ""Thief's Gloves""]], ['1', '3', 'Alistar', []], ['2', '3', 'Zoe', []], ['2', '4', 'Taliyah', ['Hextech Gunblade', 'Jeweled Gauntlet', 'Blue Buff']], ['2', '4', 'Ekko', ['Gargoyle Stoneplate', 'Ionic Spark', ""Warmog's Armor""]], ['1', '5', 'Janna', []]]",1
voids1n,4,8,"['4 Aegis', '1 Corrupted', '2 Brawler', '2 Ox Force', '4 Threat']","[['Boxing Lessons', True], ['Underground Crest', False], ['Celestial Blessing II', False]]","[['1', '2', 'Vi', []], ['2', '3', 'Alistar', ['Zephyr']], ['1', '4', 'Sejuani', [""Protector's Vow"", ""Giant's Belt""]], ['2', '4', 'Zac', []], ['2', '4', 'Ekko', []], ['2', '4', 'BelVeth', ['Ox Force Emblem', 'Bloodthirster', 'Last Whisper']], ['1', '5', 'Leona', ['Ionic Spark', 'Sunfire Cape', 'Redemption']], ['1', '5', 'Urgot', []], ['2', '5', 'Fiddlesticks', [""Archangel's Staff"", 'Jeweled Gauntlet']]]",1
taehlani,5,8,"['6 Renegade', '1 Corrupted', '2 Aegis', '2 Ox Force', '2 Threat']","[['OX-ian Rage', True], ['Celestial Blessing I', False], ['Renegade Crest', False]]","[['1', '1', 'Sylas', ['Zephyr']], ['2', '1', 'Talon', ['Chalice of Power']], ['2', '2', 'Camille', []], ['2', '4', 'Zac', [""Zz'Rot Portal""]], ['2', '4', 'Viego', ['Ionic Spark', 'Jeweled Gauntlet', ""Rabadon's Deathcap""]], ['2', '4', 'Ekko', [""Thief's Gloves"", 'Hand of Justice', 'Zephyr']], ['1', '5', 'Fiddlesticks', ['Renegade Emblem', 'Jeweled Gauntlet', 'Negatron Cloak']], ['1', '5', 'Leona', ['Titan’s Resolve']]]",0
taehlani,1,8,"['4 Recon', '4 Threat']","[['Recon Crown', False], ['Preparation II', False], ['Spiked Shell', True]]","[['2', '2', 'Ezreal', []], ['2', '3', ""Cho'Gath"", ['Bramble Vest', 'Statikk Shiv', ""Thief's Gloves""]], ['2', '3', 'Vayne', []], ['3', '3', ""Kai'Sa"", [""Guinsoo's Rageblade"", 'Quicksilver', 'Statikk Shiv']], ['3', '3', 'Rammus', ['Bramble Vest', ""Dragon's Claw"", 'Ionic Spark']], ['3', '3', 'Velkoz', ['Recon Emblem', ""Archangel's Staff"", 'Jeweled Gauntlet']], ['1', '4', 'Zac', []], ['2', '4', 'Zac', [""Warmog's Armor""]]]",0
taehlani,5,9,"['1 Corrupted', '1 Forecaster', '3 Aegis', '1 Civilian', '2 Hacker', '2 Heart', '2 Ox Force', '2 Prankster', '3 Spellslinger', '1 Threat']","[['Hacker Heart', False], ['Trade Sector+', False], ['Upgrade: Berserk', True]]","[['2', '2', 'Annie', ['Gargoyle Stoneplate', 'Titan’s Resolve', ""Warmog's Armor""]], ['2', '3', 'Zoe', []], ['2', '3', 'Alistar', []], ['2', '3', 'Sona', []], ['1', '4', 'Ekko', [""Zz'Rot Portal""]], ['2', '4', 'Soraka', ['Giant Slayer', 'Blue Buff', 'Spear of Shojin']], ['2', '5', 'Fiddlesticks', ['Gargoyle Stoneplate', 'Ionic Spark']], ['2', '5', 'Leona', []], ['2', '5', 'Janna', ['Recurve Bow']]]",0
taehlani,1,9,"['8 Brawler', '2 Aegis', '1 Threat']","[['Sunfire Board', False], ['Brawler Crest', False], ['Shiny', True]]","[['2', '1', 'Renekton', []], ['2', '1', 'Blitzcrank', []], ['2', '2', 'Lee Sin', ['Shroud of Stillness']], ['2', '2', 'Vi', []], ['3', '3', 'Jax', ['Hextech Gunblade', 'Guardbreaker', 'Rapid Firecannon']], ['3', '3', 'Riven', ['Ionic Spark', 'Quicksilver', 'Redemption']], ['2', '4', 'Sejuani', ['Sunfire Cape']], ['1', '5', 'Urgot', ['Chalice of Power', 'Recurve Bow']], ['2', '5', 'Leona', ['Brawler Emblem', 'Guardbreaker', 'Blue Buff']]]",0
taehlani,3,8,"['8 Brawler', '2 A.D.M.I.N.', '2 Heart']","[['Cull the Meek', True], ['Tiny Titans', False], ['Brawler Crown', False]]","[['2', '1', 'Renekton', []], ['2', '1', 'Blitzcrank', []], ['1', '2', 'Lee Sin', []], ['2', '2', 'Vi', ['Chain Vest']], ['2', '3', 'Jax', [""Guinsoo's Rageblade"", 'Quicksilver', 'Rapid Firecannon']], ['3', '3', 'Riven', [""Protector's Vow"", 'Titan’s Resolve', ""Warmog's Armor""]], ['1', '4', 'Sejuani', ['Deathblade', ""Runaan's Hurricane"", ""Thief's Gloves""]], ['2', '4', 'Soraka', ['Brawler Emblem', 'Blue Buff', 'Statikk Shiv']]]",0
taehlani,5,8,"['3 Prankster', '4 Spellslinger', '5 Star Guardian', '2 Aegis', '3 Gadgeteen', '2 Heart', '3 Mascot', '2 Ox Force']","[['Zoomies!', True], ['Makeshift Armor II', False], ['Star Guardian Crest', False]]","[['2', '1', 'Lux', []], ['2', '2', 'Yuumi', []], ['2', '2', 'Annie', []], ['1', '3', 'Alistar', ['Shroud of Stillness']], ['2', '3', 'Zoe', ['Star Guardian Emblem']], ['2', '3', 'Sona', [""Tactician's Crown"", 'Tear of the Goddess']], ['1', '4', 'Ekko', ['Magnetized lonic Spark', ""Zz'Rot Portal""]], ['2', '4', 'Taliyah', ['Jeweled Gauntlet', ""Rabadon's Deathcap"", 'Spear of Shojin']], ['1', '5', 'Nunu', ['Prankster Emblem', 'Ionic Spark', 'Titan’s Resolve']]]",1
rickyzigzag,8,4,['1 Ace'],"[['Ruthless Blades', True]]","[['1', '1', 'Wukong', []], ['2', '1', 'Lux', []], ['2', '1', 'Talon', []], ['1', '2', 'Draven', []]]",0
rickyzigzag,1,8,"['6 Brawler', '2 A.D.M.I.N.', '2 Aegis', '2 Heart', '3 Mecha: PRIME']","[['Thrill of the Hunt I', False], ['Relentless Assault', True], ['Battlemage II', False]]","[['2', '1', 'Blitzcrank', []], ['1', '2', 'Lee Sin', []], ['2', '2', 'Vi', ['Mecha: PRIME Emblem']], ['3', '3', 'Jax', ['Jeweled Gauntlet', 'Quicksilver', 'Rapid Firecannon']], ['3', '3', 'Riven', ['Redemption']], ['2', '4', 'Soraka', ['Blue Buff']], ['2', '4', 'Sejuani', [""Protector's Vow"", 'Ionic Spark', 'Sunfire Cape']], ['1', '5', 'Leona', []]]",0
rickyzigzag,3,9,"['1 Arsenal', '1 Corrupted', '3 Aegis', '1 Ace', '2 Brawler', '2 Mascot', '2 Ox Force', '2 Sureshot', '3 Threat']","[['Boxing Lessons', True], ['Jeweled Lotus', False], ['Ascension', False]]","[['2', '2', 'Vi', []], ['2', '3', 'Rammus', [""Dragon's Claw"", ""Protector's Vow"", 'Sunfire Cape']], ['2', '3', 'Alistar', []], ['1', '4', 'Samira', ['Last Whisper']], ['2', '4', 'Sejuani', ['Mascot Emblem', ""Protector's Vow""]], ['2', '4', 'Ekko', ['Spear of Shojin', 'Statikk Shiv', ""Thief's Gloves""]], ['1', '5', 'Fiddlesticks', []], ['1', '5', 'Aphelios', [""Guinsoo's Rageblade"", 'Giant Slayer', ""Runaan's Hurricane""]], ['2', '5', 'Urgot', []]]",0
rickyzigzag,6,7,"['6 Brawler', '2 A.D.M.I.N.', '2 Heart']","[['Trade Sector', False], ['Ascension', False], ['Glacial Prison', True]]","[['2', '1', 'Blitzcrank', []], ['2', '2', 'Lee Sin', []], ['2', '2', 'Vi', []], ['2', '3', 'Jax', [""Guinsoo's Rageblade"", 'Hextech Gunblade', 'Quicksilver']], ['3', '3', 'Riven', []], ['2', '4', 'Soraka', [""Rabadon's Deathcap"", 'Statikk Shiv']], ['2', '4', 'Sejuani', [""Dragon's Claw"", 'Morellonomicon', 'Redemption']]]",0
rickyzigzag,2,8,"['1 Forecaster', '5 Mecha: PRIME', '1 Ace', '2 Brawler', '1 Civilian', '2 Defender', '1 Threat']","[['Celestial Blessing I', False], ['Ruthless Blades', True], ['Portable Forge', False]]","[['2', '1', 'Wukong', []], ['3', '2', 'Draven', ['Bloodthirster', 'Infinity Edge', 'Last Whisper']], ['2', '3', 'Jax', []], ['2', '4', 'Sejuani', []], ['2', '4', 'Sett', []], ['2', '4', 'Zac', [""Zz'Rot Portal"", ""Zz'Rot Portal"", 'Titan’s Resolve']], ['1', '5', 'Leona', ['Rapid Firecannon']], ['1', '5', 'Janna', [""Randuin's Sanctum"", 'Morellonomicon', ""Zeke's Herald""]]]",0
rickyzigzag,4,9,"['1 Arsenal', '1 Corrupted', '6 Ox Force', '4 Renegade', '3 Aegis', '2 Threat']","[['OX-ian Rage', True], ['Celestial Blessing I', False], [""Urf's Grab Bag II"", False]]","[['2', '1', 'Talon', []], ['2', '2', 'Fiora', []], ['2', '3', 'Alistar', []], ['2', '4', 'Viego', ['Hextech Gunblade', 'Guardbreaker', 'Hand of Justice']], ['2', '4', 'Ekko', ['Redemption', ""Warmog's Armor""]], ['1', '5', 'Fiddlesticks', []], ['1', '5', 'Leona', ['Ox Force Emblem', 'Ionic Spark', 'Sunfire Cape']], ['2', '5', 'Aphelios', ['Renegade Emblem', 'Edge of Night', 'Giant Slayer']], ['2', '5', 'Urgot', ['Recurve Bow']]]",0
jason shen,1,9,"['5 Anima Squad', '1 Arsenal', '1 Ace', '2 Aegis', '2 Mascot', '2 Ox Force', '2 Prankster', '2 Threat']","[['Soul Eater', True], ['Salvage Bin', False], ['Jeweled Lotus', False]]","[['2', '1', 'Nasus', []], ['2', '2', 'Jinx', [""Tactician's Crown""]], ['2', '3', 'Rammus', [""Dragon's Claw"", ""Protector's Vow"", 'Sunfire Cape']], ['2', '3', 'Alistar', []], ['2', '3', 'Riven', ['Ionic Spark', ""Thief's Gloves"", ""Warmog's Armor""]], ['2', '3', 'Vayne', ['Last Whisper', 'Guardbreaker', 'Statikk Shiv']], ['1', '4', 'Ekko', []], ['2', '4', 'MissFortune', ['Chalice of Power', 'Gargoyle Stoneplate', ""Thief's Gloves""]], ['2', '5', 'Aphelios', []], ['2', '5', 'Urgot', ['Zephyr']]]",1
jason shen,5,8,"['1 Arsenal', '4 Sureshot', '1 Ace', '2 Aegis', '2 Brawler', '1 Civilian', '2 Ox Force', '1 Threat']","[['Trade Sector', False], ['Component Grab Bag', False], ['Armor Piercing Rounds', True]]","[['2', '2', 'Vi', []], ['2', '2', 'Sivir', []], ['2', '3', 'Senna', []], ['2', '3', 'Rammus', ['Sunfire Cape', 'Redemption', ""Warmog's Armor""]], ['2', '3', 'Alistar', []], ['2', '4', 'Sejuani', ['Tear of the Goddess', ""Zz'Rot Portal""]], ['2', '4', 'Samira', ['Hextech Gunblade', 'Last Whisper', ""Runaan's Hurricane""]], ['1', '5', 'Aphelios', ['Hextech Gunblade', 'Giant Slayer', ""Runaan's Hurricane""]]]",0
jason shen,4,8,"['5 Gadgeteen', '3 Prankster', '2 Aegis', '2 Mascot', '2 Ox Force', '2 Spellslinger']","[['Gadgeteen crest', False], ['Cybernetic Uplink III', False], ['Contagious Laughter', True]]","[['2', '1', 'Poppy', []], ['2', '2', 'Annie', []], ['2', '2', 'Jinx', ['Gadgeteen Emblem']], ['2', '3', 'Zoe', ['Morellonomicon', 'Statikk Shiv']], ['2', '3', 'Alistar', []], ['2', '4', 'Taliyah', ['Jeweled Gauntlet', ""Rabadon's Deathcap"", 'Spear of Shojin']], ['2', '4', 'Ekko', ['Magnetized lonic Spark', 'Overlocked Sunfire Cape', ""Warmog's Armor""]], ['1', '5', 'Nunu', ['Bramble Vest', ""Dragon's Claw"", 'Redemption']]]",0
jason shen,5,7,"['4 Recon', '2 Duelist', '3 Star Guardian', '2 Threat']","[[""Raider's Spoils"", True], ['Recon Crown', False], ['Second Wind II', False]]","[['2', '2', 'Ezreal', []], ['2', '3', ""Cho'Gath"", ['Edge of Night', ""Thief's Gloves"", 'Zephyr']], ['2', '3', 'Nilah', []], ['2', '3', 'Vayne', ['Deathblade', 'Giant Slayer', ""Zeke's Herald""]], ['3', '3', ""Kai'Sa"", [""Guinsoo's Rageblade"", 'Hextech Gunblade', 'Statikk Shiv']], ['3', '3', 'Rammus', ['Sunfire Cape', 'Redemption']], ['1', '5', 'Syndra', ['Recon Emblem', 'Rapid Firecannon']]]",0
jason shen,2,9,"['1 Arsenal', '1 Corrupted', '1 Forecaster', '1 Ace', '2 Aegis', '1 Civilian', '2 Ox Force', '3 Threat']","[['Get Paid', True], ['Band of Thieves I', False], ['High End Shopping', False]]","[['1', '3', 'Alistar', []], ['2', '4', 'Sejuani', []], ['2', '4', 'Zac', ['Sunfire Cape', 'Redemption']], ['2', '5', 'Fiddlesticks', ['Ionic Spark', ""Rabadon's Deathcap""]], ['2', '5', 'Mordekaiser', ['Bloodthirster', 'Infinity Edge', ""Thief's Gloves""]], ['2', '5', 'Leona', []], ['2', '5', 'Aphelios', [""Guinsoo's Rageblade"", 'Infinity Edge', 'Hand of Justice']], ['2', '5', 'Urgot', ['Bloodthirster', 'Hextech Gunblade', 'Last Whisper']], ['2', '5', 'Janna', []]]",0
poppinjung,4,9,"['6 Duelist', '2 Hacker', '3 LaserCorps', '1 Threat']","[['Portable Forge', False], ['Shatter', True], ['Phony Frontline', False]]","[['1', '1', 'Gangplank', []], ['1', '2', 'Fiora', []], ['2', '2', 'Yasuo', []], ['1', '3', 'Zoe', []], ['2', '3', 'Nilah', ['Locket of the Iron Solari', 'Locket of the Iron Solari', 'Zephyr']], ['2', '3', 'Vayne', [""Archangel's Staff"", 'Rapid Firecannon', ""Thief's Gloves""]], ['2', '4', 'Sejuani', ['Bramble Vest', ""Dragon's Claw"", ""Warmog's Armor""]], ['2', '4', 'Zed', ['Obsidian Cleaver', ""Runaan's Hurricane"", 'Hand of Justice']], ['1', '5', 'Urgot', ['Giant Slayer', 'Rapid Firecannon']]]",0
poppinjung,2,9,"['1 Corrupted', '5 Gadgeteen', '2 Defender', '2 Heart', '3 Mecha: PRIME', '1 Threat']","[['Gadgeteen crest', False], ['Sleepy Time', True], ['Cybernetic Uplink II', False]]","[['1', '1', 'Wukong', []], ['2', '1', 'Lulu', ['Statikk Shiv']], ['2', '2', 'Annie', ['Ionic Spark']], ['2', '3', 'Zoe', ['Jump-Started Spear of Shojin']], ['2', '3', 'Jax', []], ['2', '4', 'Soraka', [""Archangel's Staff"", 'Hextech Gunblade', 'Jeweled Gauntlet']], ['3', '4', 'Sett', ['Gadgeteen Emblem', ""Dragon's Claw"", 'Titan’s Resolve']], ['1', '5', 'Fiddlesticks', []], ['1', '5', 'Nunu', ['OVERFLOW_ERROR // Giant Slayer', ""Dragon's Claw"", 'Morellonomicon']]]",0
poppinjung,4,9,"['6 Brawler', '1 Corrupted', '2 A.D.M.I.N.', '2 Heart', '2 Spellslinger', '2 Threat']","[['Jeweled Lotus', False], ['Brawler Crest', False], ['Glacial Prison', True]]","[['1', '1', 'Blitzcrank', [""Zz'Rot Portal""]], ['2', '2', 'Lee Sin', []], ['2', '2', 'Vi', []], ['1', '3', 'Jax', []], ['2', '3', 'LeBlanc', ['Spear of Shojin', 'Statikk Shiv', ""Thief's Gloves""]], ['3', '3', 'Sona', ['Brawler Emblem', 'Giant Slayer', 'Blue Buff']], ['2', '4', 'Sejuani', [""Protector's Vow"", 'Ionic Spark', 'Sunfire Cape']], ['1', '5', 'Urgot', [""Guinsoo's Rageblade"", 'Giant Slayer', ""Thief's Gloves""]], ['2', '5', 'Fiddlesticks', ['Giant Slayer', 'Morellonomicon']]]",0
poppinjung,2,9,"['1 Arsenal', '1 Corrupted', '3 Aegis', '1 Civilian', '2 Ox Force', '2 Sureshot', '3 Threat']","[['Endless Pizza', True], ['High End Shopping', False], ['Jeweled Lotus', False]]","[['2', '2', 'Sivir', []], ['2', '3', 'Alistar', []], ['1', '4', 'Ekko', []], ['2', '4', 'Sejuani', [""Protector's Vow"", 'Sunfire Cape', 'Redemption']], ['2', '4', 'Zac', [""Zz'Rot Portal""]], ['1', '5', 'Urgot', []], ['2', '5', 'Fiddlesticks', ['Shroud of Stillness']], ['2', '5', 'Leona', ['Bloodthirster', ""Thief's Gloves"", 'Hand of Justice']], ['2', '5', 'Aphelios', ['Hextech Gunblade', 'Last Whisper', 'Rapid Firecannon']]]",0
poppinjung,6,8,"['1 Arsenal', '4 Sureshot', '3 Aegis', '1 Ace', '2 Brawler', '1 Civilian', '2 Ox Force', '2 Threat']","[['Sureshot Crown', False], ['Component Grab Bag', False], ['Armor Piercing Rounds', True]]","[['2', '2', 'Vi', []], ['2', '2', 'Sivir', []], ['1', '3', 'Alistar', []], ['1', '4', 'Zac', []], ['1', '4', 'Ekko', [""Dragon's Claw""]], ['2', '4', 'Sejuani', [""Dragon's Claw"", ""Protector's Vow"", 'Sunfire Cape']], ['2', '4', 'Samira', ['Bloodthirster', 'Infinity Edge', 'Last Whisper']], ['2', '4', 'BelVeth', ['Sureshot Emblem', 'Rapid Firecannon', 'Spear of Shojin']], ['1', '5', 'Aphelios', [""Dragon's Claw"", 'Quicksilver', ""Thief's Gloves""]]]",1
pizonka,2,8,"['4 Recon', '2 Duelist', '2 Threat']","[['Band of Thieves II', False], ['Preparation II', False], ['Supersize', True]]","[['2', '1', 'Ashe', ['Rocket-Propelled Fist']], ['2', '2', 'Ezreal', []], ['2', '3', 'Rammus', [""Dragon's Claw"", 'Shroud of Stillness']], ['2', '3', 'Nilah', ['Shroud of Stillness']], ['2', '3', 'Vayne', ['Edge of Night', ""Thief's Gloves"", 'Titan’s Resolve']], ['3', '3', ""Kai'Sa"", ['Hextech Gunblade', 'Statikk Shiv', 'Hand of Justice']], ['1', '4', 'Zac', []], ['2', '4', 'Zac', ['Deathblade', ""Dragon's Claw"", ""Thief's Gloves""]]]",0
pizonka,5,7,"['3 Renegade', '3 Aegis', '4 Ox Force', '2 Brawler']","[['Ox Force Crest', False], ['Partners in Crime', True], ['Battlemage II', False]]","[['1', '1', 'Talon', []], ['2', '2', 'Camille', ['Hextech Gunblade', 'Shroud of Stillness']], ['2', '2', 'Vi', []], ['2', '3', 'Alistar', ['Gargoyle Stoneplate', 'Redemption', ""Zz'Rot Portal""]], ['2', '4', 'Sejuani', ['Ox Force Emblem', 'Locket of the Iron Solari']], ['2', '4', 'Viego', ['Ionic Spark', 'Jeweled Gauntlet', 'Titan’s Resolve']], ['2', '4', 'Ekko', []]]",0
pizonka,2,9,"['3 Aegis', '1 Ace', '3 Anima Squad', '2 Brawler', '1 Threat']","[['Jeweled Lotus', False], ['Portable Forge', False], ['Bunny Mercenary', True]]","[['2', '3', 'Alistar', []], ['2', '3', 'Riven', ['Titan’s Resolve', 'Titan’s Resolve', ""Warmog's Armor""]], ['2', '3', 'Vayne', ['Spear of Shojin', 'Statikk Shiv']], ['2', '4', 'Sejuani', ['Zephyr']], ['2', '4', 'Sejuani', [""Dragon's Claw"", 'Sunfire Cape', 'Shroud of Stillness']], ['2', '4', 'Zac', ['Edge of Night', 'Redemption', ""Thief's Gloves""]], ['2', '4', 'Ekko', []], ['2', '4', 'MissFortune', ['Manazane', 'Hextech Gunblade', 'Spear of Shojin']], ['1', '5', 'Leona', []]]",0
pizonka,3,9,"['1 Arsenal', '1 Corrupted', '3 Aegis', '1 Civilian', '2 Ox Force', '2 Sureshot', '3 Threat']","[['Band of Thieves I', False], ['Trade Sector+', False], ['Locked and Loaded', True]]","[['2', '2', 'Sivir', [""Zeke's Herald""]], ['2', '3', 'Alistar', []], ['2', '4', 'Zac', ['Defender Emblem']], ['2', '4', 'Zac', ['Ionic Spark', 'Sunfire Cape', 'Redemption']], ['2', '4', 'Ekko', [""Runaan's Hurricane"", 'Shroud of Stillness', ""Thief's Gloves""]], ['1', '5', 'Fiddlesticks', []], ['1', '5', 'Leona', ['Hextech Gunblade', 'Jeweled Gauntlet']], ['1', '5', 'Urgot', []], ['2', '5', 'Aphelios', ['Last Whisper', 'Giant Slayer', 'Hand of Justice']]]",0
pizonka,5,8,"['5 Gadgeteen', '1 Ace', '3 Defender', '3 Mecha: PRIME', '2 Prankster']","[['Gadgeteen crest', False], ['Ascension', False], ['They See Me Rolling', True]]","[['1', '1', 'Wukong', []], ['2', '1', 'Poppy', []], ['1', '2', 'Draven', []], ['2', '2', 'Annie', ['Shroud of Even Still-erness', ""Warmog's Armor""]], ['2', '3', 'Zoe', ['Morellonomicon', 'Blue Buff', 'Statikk Shiv']], ['1', '4', 'Ekko', []], ['2', '4', 'Sett', ['Gadgeteen Emblem', 'Bramble Vest', ""Dragon's Claw""]], ['1', '5', 'Nunu', ['Gadgeteens Titan’s Resolve', 'Hextech Gunblade', 'Hand of Justice']]]",0
papercheeze,3,8,"['3 Aegis', '2 A.D.M.I.N.', '3 Gadgeteen', '2 Hacker', '2 Ox Force', '2 Prankster', '2 Spellslinger']","[['Bigger, Better Buckler', True], ['Portable Forge', False], ['Axiom Arc II', False]]","[['2', '1', 'Poppy', []], ['1', '2', 'Annie', [""Randuin's Sanctum""]], ['2', '3', 'Alistar', []], ['3', '3', 'LeBlanc', ['Guardbreaker', ""Rabadon's Deathcap"", 'Statikk Shiv']], ['3', '3', 'Zoe', ['Giant Slayer', 'Morellonomicon', 'Blue Buff']], ['2', '4', 'Soraka', ['Hand of Nondeterministic Justice', 'Hextech Gunblade']], ['2', '4', 'Ekko', ['Bramble Vest', ""Dragon's Claw""]], ['1', '5', 'Leona', []]]",0
papercheeze,2,8,"['6 Brawler', '2 A.D.M.I.N.', '2 Heart', '1 Threat']","[['Brawler Crest', False], ['Scoped Weapons I', False], ['Rising Tide', True]]","[['2', '1', 'Blitzcrank', []], ['2', '2', 'Lee Sin', []], ['3', '3', 'Jax', [""Guinsoo's Rageblade"", 'Guardbreaker', 'Hand of Justice']], ['3', '3', 'Riven', ['Bramble Vest', 'Sunfire Cape', 'Redemption']], ['2', '4', 'Soraka', ['Spear of Shojin']], ['2', '4', 'Sejuani', []], ['2', '4', 'Sejuani', [""Protector's Vow"", 'Ionic Spark', 'Shroud of Stillness']], ['2', '5', 'Urgot', ['Brawler Emblem', 'Deathblade', ""Guinsoo's Rageblade""]]]",0
papercheeze,3,8,"['1 Arsenal', '1 Corrupted', '1 Forecaster', '3 Aegis', '1 Ace', '1 Civilian', '2 Ox Force', '2 Sureshot', '2 Threat']","[['Unrelenting Force', True], ['Portable Forge', False], ['Second Wind II', False]]","[['3', '2', 'Vi', ['Bloodthirster', 'Ionic Spark', 'Sunfire Cape']], ['2', '3', 'Alistar', ['Zephyr']], ['1', '4', 'Ekko', ['Eternal Winter', 'Bramble Vest', 'Redemption']], ['2', '4', 'Zac', []], ['2', '4', 'Samira', ['Deathblade', 'Last Whisper', ""Runaan's Hurricane""]], ['1', '5', 'Fiddlesticks', []], ['1', '5', 'Aphelios', ['Giant Slayer']], ['1', '5', 'Janna', []]]",0
papercheeze,6,7,"['3 Renegade', '4 Ox Force', '2 Aegis', '2 Brawler']","[['Band of Thieves I', False], ['Burning Spirit', True], ['Thrill of the Hunt II', False]]","[['2', '1', 'Talon', ['Chalice of Power']], ['2', '2', 'Camille', [""Zz'Rot Portal""]], ['2', '2', 'Vi', []], ['2', '2', 'Annie', []], ['2', '3', 'Alistar', [""Guinsoo's Rageblade"", 'Recurve Bow', ""Thief's Gloves""]], ['2', '4', 'Sejuani', ['Ionic Spark', 'Sunfire Cape']], ['2', '4', 'Viego', [""Rabadon's Deathcap"", 'Titan’s Resolve', 'Hand of Justice']]]",0
papercheeze,5,8,"['1 Corrupted', '3 Aegis', '2 Spellslinger', '4 Star Guardian', '1 Threat']","[['Lucent Barrier', True], ['Cybernetic Uplink I', False], ['High End Shopping', False]]","[['2', '1', 'Lux', []], ['2', '3', 'Alistar', [""Zz'Rot Portal""]], ['2', '4', 'Taliyah', [""Archangel's Staff"", 'Guardbreaker', 'Blue Buff']], ['2', '4', 'Ekko', ['Sunfire Cape']], ['2', '5', 'Fiddlesticks', ['Ionic Spark', 'Jeweled Gauntlet', 'Hand of Justice']], ['2', '5', 'Leona', ['Morellonomicon', ""Thief's Gloves"", ""Zz'Rot Portal""]], ['2', '5', 'Syndra', ['Negatron Cloak']], ['2', '5', 'Syndra', []]]",0
im jack,7,8,"['7 Anima Squad', '3 Renegade', '1 Ace', '2 Ox Force']","[['Petricite Chains', True], ['Stand United I', False], ['Anima Squad Crest', False]]","[['1', '1', 'Talon', []], ['2', '1', 'Nasus', []], ['2', '1', 'Sylas', ['Zephyr']], ['1', '2', 'Jinx', []], ['2', '3', 'Riven', [""Archangel's Staff"", 'Blue Buff', ""Thief's Gloves""]], ['2', '3', 'Vayne', [""Zeke's Herald""]], ['1', '4', 'MissFortune', ['Jeweled Gauntlet', 'Rapid Firecannon', 'Spear of Shojin']], ['2', '4', 'Viego', ['Anima Squad Emblem', 'Ionic Spark', 'Titan’s Resolve']]]",0
im jack,2,8,"['5 Mecha: PRIME', '3 Supers', '1 Ace', '2 Brawler', '2 Defender']","[['Golden Ticket', False], ['Ascension', False], ['Evasion', True]]","[['3', '1', 'Wukong', []], ['3', '1', 'Gangplank', [""Zeke's Herald""]], ['3', '2', 'Malphite', ['Bramble Vest', 'Negatron Cloak']], ['3', '2', 'Lee Sin', [""Protector's Vow"", 'Sunfire Cape', 'Redemption']], ['3', '2', 'Draven', ['Hextech Gunblade', 'Infinity Edge', 'Last Whisper']], ['2', '3', 'Jax', []], ['2', '4', 'Sett', []], ['1', '5', 'Leona', ['Deathblade', 'Quicksilver', ""Thief's Gloves""]]]",0
im jack,1,8,"['6 Brawler', '2 Aegis', '1 Threat']","[['Second Wind I', False], ['Battlemage II', False], ['Evasion', True]]","[['2', '1', 'Blitzcrank', [""Zz'Rot Portal""]], ['2', '2', 'Lee Sin', ['Shroud of Stillness']], ['2', '2', 'Vi', []], ['3', '3', 'Jax', [""Guinsoo's Rageblade"", 'Infinity Edge', 'Rapid Firecannon']], ['3', '3', 'Riven', ['Ionic Spark', 'Sunfire Cape', 'Redemption']], ['2', '4', 'Sejuani', [""Dragon's Claw"", ""Protector's Vow"", 'Gargoyle Stoneplate']], ['1', '5', 'Urgot', []], ['2', '5', 'Leona', ['Giant Slayer', ""Warmog's Armor""]]]",0
im jack,4,8,"['7 Anima Squad', '3 Prankster', '1 Ace']","[['Get Excited!', True], ['Anima Squad Crown', False], ['Component Grab Bag', False]]","[['2', '1', 'Nasus', []], ['2', '1', 'Sylas', []], ['3', '2', 'Jinx', ['Jeweled Gauntlet', 'Giant Slayer', 'Statikk Shiv']], ['2', '3', 'Vayne', []], ['3', '3', 'Zoe', ['Anima Squad Emblem', 'Gargoyle Stoneplate', 'Infinity Edge']], ['3', '3', 'Riven', ['Redemption', ""Warmog's Armor"", ""Warmog's Armor""]], ['1', '4', 'Ekko', []], ['2', '4', 'MissFortune', [""Guinsoo's Rageblade"", 'Jeweled Gauntlet', ""Zeke's Herald""]]]",0
im jack,6,8,"['6 Spellslinger', '2 A.D.M.I.N.', '2 Aegis', '3 Gadgeteen', '2 Hacker', '2 Mascot', '2 Ox Force', '2 Prankster', '3 Star Guardian']","[['Lucent Barrier', True], ['Spellslinger Heart', False], ['New Recruit', False]]","[['2', '1', 'Lux', []], ['2', '2', 'Annie', [""Protector's Vow"", 'Sunfire Cape', 'Redemption']], ['1', '3', 'Alistar', []], ['2', '3', 'LeBlanc', [""Guinsoo's Rageblade"", 'Spear of Shojin', 'Statikk Shiv']], ['2', '3', 'Zoe', []], ['2', '3', 'Sona', []], ['1', '4', 'Taliyah', ['A.D.M.I.N. Emblem', 'Jeweled Gauntlet', 'Blue Buff']], ['1', '4', 'Ekko', []], ['1', '5', 'Nunu', ['Shroud of Even Still-erness']]]",1
stellar minhee,3,8,"['3 Aegis', '1 Ace', '2 Hacker', '2 Ox Force', '2 Prankster', '2 Spellslinger', '1 Threat']","[['Jeweled Lotus', False], ['Supersize', True], ['Second Wind II', False]]","[['2', '2', 'Annie', ['Ionic Spark']], ['2', '3', 'LeBlanc', [""Archangel's Staff"", 'Giant Slayer', 'Blue Buff']], ['2', '3', 'Zoe', []], ['2', '3', 'Alistar', []], ['2', '4', 'Zac', ['Titan’s Resolve', ""Warmog's Armor"", ""Warmog's Armor""]], ['2', '4', 'Ekko', []], ['1', '5', 'Mordekaiser', ['Jeweled Gauntlet', ""Rabadon's Deathcap"", ""Thief's Gloves""]], ['1', '5', 'Leona', ['Bloodthirster']]]",0
stellar minhee,1,9,"['1 Corrupted', '1 Forecaster', '3 Aegis', '1 Ace', '1 Civilian', '2 Mascot', '2 Threat']","[['Thrill of the Hunt II', False], ['Battlemage II', False], ['Shiny', True]]","[['2', '3', 'Alistar', [""Zz'Rot Portal""]], ['2', '4', 'Ekko', []], ['2', '5', 'Fiddlesticks', []], ['2', '5', 'Mordekaiser', ['Infinity Edge', 'Hand of Justice', 'Hand of Justice']], ['2', '5', 'Mordekaiser', ['Bloodthirster', 'Jeweled Gauntlet', ""Rabadon's Deathcap""]], ['2', '5', 'Leona', [""Protector's Vow""]], ['2', '5', 'Urgot', ['Infinity Edge', 'Guardbreaker', 'Statikk Shiv']], ['2', '5', 'Janna', []], ['2', '5', 'Nunu', [""Dragon's Claw"", 'Sunfire Cape', 'Shroud of Stillness']]]",0
stellar minhee,5,9,"['7 Anima Squad', '1 Forecaster', '3 Prankster', '1 Ace', '2 Aegis', '2 Brawler', '1 Civilian']","[['Ancient Archives I', False], ['Ancient Archives II', False], ['Eclipse Prime', True]]","[['1', '1', 'Nasus', []], ['2', '1', 'Sylas', ['Aegis Emblem']], ['2', '2', 'Jinx', []], ['1', '3', 'Vayne', ['Zephyr']], ['2', '3', 'Riven', ['Bramble Vest']], ['2', '4', 'Sejuani', ['Anima Squad Emblem', 'Prankster Emblem', 'Bramble Vest']], ['2', '4', 'MissFortune', [""Archangel's Staff"", 'Spear of Shojin', 'Statikk Shiv']], ['1', '5', 'Janna', []], ['2', '5', 'Leona', ['Prankster Emblem', 'Chalice of Power', 'Hextech Gunblade']]]",0
stellar minhee,7,6,"['4 A.D.M.I.N.', '2 Hacker', '2 Prankster', '1 Threat']","[['Band of Thieves I', False], ['Adaptive Defensives', True], ['Cybernetic Implants II', False]]","[['3', '2', 'Camille', ['Bloodthirster', 'Deathblade', 'Hand of Justice']], ['2', '3', 'LeBlanc', ['Hextech Gunblade']], ['2', '3', 'Zoe', [""Giant's Belt""]], ['1', '4', 'Soraka', ['Edge of Night', 'Needlessly Large Rod', ""Thief's Gloves""]], ['1', '4', 'Ekko', ['Sunfire Cape']], ['1', '4', 'BelVeth', ['A.D.M.I.N. Emblem']]]",0
stellar minhee,5,9,"['1 Corrupted', '1 Forecaster', '5 Gadgeteen', '1 Ace', '2 Aegis', '1 Civilian', '2 Defender', '3 Mecha: PRIME', '2 Ox Force', '2 Spellslinger', '1 Threat']","[['Gadgeteen Crown', False], ['Gadgeteen crest', False], ['Eclipse Prime', True]]","[['2', '1', 'Poppy', [""Tactician's Crown"", 'Sparring Gloves']], ['2', '2', 'Annie', [""Dragon's Claw"", ""Warmog's Armor""]], ['2', '3', 'Zoe', []], ['2', '3', 'Alistar', []], ['2', '3', 'Jax', []], ['1', '4', 'Sett', []], ['2', '4', 'MissFortune', ['Gadgeteen Emblem', ""Guinsoo's Rageblade"", ""Rabadon's Deathcap""]], ['1', '5', 'Fiddlesticks', ['OVERFLOW_ERROR // Giant Slayer', ""Induction-Powered Warmog's Armor""]], ['1', '5', 'Leona', ['Gadgeteen Emblem', 'Bloodthirster', 'Bramble Vest']], ['1', '5', 'Janna', ['Statikk Shiv']]]",1
toce,5,9,"['4 Aegis', '1 Ace', '2 Brawler', '2 Mascot', '2 Sureshot', '1 Threat']","[['Band of Thieves I', False], ['Daredevil', True], ['Ascension', False]]","[['2', '2', 'Vi', ['Edge of Night', ""Thief's Gloves"", 'Zephyr']], ['1', '3', 'Senna', []], ['2', '3', 'Alistar', []], ['2', '4', 'Sejuani', ['Bramble Vest', ""Dragon's Claw"", 'Sunfire Cape']], ['2', '4', 'Samira', ['Hextech Gunblade', 'Last Whisper', 'Guardbreaker']], ['2', '4', 'Ekko', [""Dragon's Claw"", 'Gargoyle Stoneplate', ""Warmog's Armor""]], ['1', '5', 'Leona', [""Death's Defiance"", 'Hextech Gunblade']], ['1', '5', 'Urgot', ['Chalice of Power', 'Sparring Gloves']], ['1', '5', 'Nunu', []]]",0
toce,2,9,"['8 Duelist', '1 Arsenal', '1 Corrupted', '2 Ox Force', '1 Threat']","[['Duelist Crown', False], ['Battlemage II', False], ['Contempt for the Weak', True]]","[['1', '1', 'Kayle', [""Zeke's Herald""]], ['2', '1', 'Gangplank', []], ['2', '2', 'Yasuo', ['Blue Buff']], ['2', '2', 'Fiora', []], ['2', '3', 'Nilah', ['Locket of the Iron Solari', 'Locket of the Iron Solari', 'Locket of the Iron Solari']], ['2', '3', 'Vayne', []], ['2', '4', 'Zed', ['Edge of Night', 'Guardbreaker', 'Hand of Justice']], ['1', '5', 'Fiddlesticks', ['Morellonomicon']], ['2', '5', 'Aphelios', ['Duelist Emblem', 'Deathblade', 'Last Whisper']]]",0
toce,3,9,"['1 Arsenal', '1 Corrupted', '3 Renegade', '3 Aegis', '5 Ox Force', '1 Ace', '2 Sureshot', '2 Threat']","[['Ox Force Crest', False], ['Thrill of the Hunt II', False], ['Shiny', True]]","[['2', '1', 'Talon', []], ['1', '3', 'Alistar', [""Dragon's Claw"", ""Warmog's Armor""]], ['1', '4', 'Ekko', []], ['2', '4', 'Samira', []], ['3', '4', 'Viego', ['Jeweled Gauntlet', 'Titan’s Resolve', 'Hand of Justice']], ['1', '5', 'Fiddlesticks', ['Bloodthirster', 'Bramble Vest', 'Sunfire Cape']], ['1', '5', 'Leona', ['Tear of the Goddess']], ['2', '5', 'Aphelios', ['Giant Slayer', 'Quicksilver']], ['2', '5', 'Urgot', ['Ox Force Emblem', 'Hextech Gunblade', 'Hand of Justice']]]",0
toce,6,9,"['4 Aegis', '1 Arsenal', '1 Corrupted', '1 Ace', '2 Defender', '3 Mecha: PRIME', '2 Ox Force', '2 Sureshot', '2 Threat']","[['AFK', False], ['Rich Get Richer+', False], ['Locked and Loaded', True]]","[['2', '1', 'Wukong', []], ['2', '3', 'Alistar', []], ['2', '4', 'Sett', ['Bramble Vest', 'Sunfire Cape', 'Redemption']], ['2', '4', 'Samira', []], ['2', '4', 'Ekko', []], ['1', '5', 'Fiddlesticks', ['Aegis Emblem']], ['1', '5', 'Leona', []], ['1', '5', 'Aphelios', [""Guinsoo's Rageblade"", 'Hextech Gunblade', 'Last Whisper']], ['1', '5', 'Urgot', []]]",0
toce,4,8,"['1 Corrupted', '5 Gadgeteen', '2 Aegis', '2 Hacker', '2 Mascot', '2 Ox Force', '2 Prankster', '2 Spellslinger', '1 Threat']","[['Gadgeteen Heart', False], ['Burning Spirit', True], ['Phony Frontline', False]]","[['2', '1', 'Lulu', []], ['2', '2', 'Annie', ['Bramble Vest', 'Gargoyle Stoneplate', ""Warmog's Armor""]], ['1', '3', 'LeBlanc', ['Statikk Shiv']], ['2', '3', 'Alistar', []], ['3', '3', 'Zoe', ['Jeweled Gauntlet', 'Guardbreaker', 'Spear of Shojin']], ['2', '4', 'Ekko', []], ['1', '5', 'Fiddlesticks', []], ['1', '5', 'Nunu', ['OVERFLOW_ERROR // Giant Slayer', 'Magnetized lonic Spark', 'Titan’s Resolve']]]",0
elitesoldier21,3,9,"['1 Corrupted', '6 Ox Force', '3 Renegade', '1 Ace', '2 Aegis', '2 Threat']","[[""Urf's Grab Bag II"", False], ['Last Stand', False], ['Eclipse Prime', True]]","[['2', '1', 'Talon', []], ['2', '2', 'Annie', [""Zz'Rot Portal""]], ['2', '3', 'Alistar', []], ['2', '4', 'Viego', ['Hextech Gunblade', 'Titan’s Resolve', 'Hand of Justice']], ['1', '5', 'Fiddlesticks', ['Ionic Spark', 'Sunfire Cape']], ['1', '5', 'Fiddlesticks', []], ['1', '5', 'Mordekaiser', []], ['2', '5', 'Leona', ['Ox Force Emblem', 'Hextech Gunblade', 'Quicksilver']], ['2', '5', 'Urgot', ['Ox Force Emblem', 'Spear of Shojin']]]",0
elitesoldier21,5,8,"['6 Duelist', '2 Hacker', '3 LaserCorps', '2 Ox Force']","[['Battlemage II', False], ['Vitality of the Ox', True], ['Jeweled Lotus', False]]","[['1', '1', 'Gangplank', []], ['2', '2', 'Yasuo', []], ['2', '2', 'Fiora', []], ['1', '3', 'Zoe', []], ['2', '3', 'Nilah', ['Locket of the Iron Solari']], ['2', '3', 'Vayne', ['Bloodthirster']], ['2', '4', 'Sejuani', ['Ox Force Emblem', ""Protector's Vow"", 'Sunfire Cape']], ['2', '4', 'Zed', ['Guardbreaker', 'Titan’s Resolve', 'Hand of Justice']]]",0
elitesoldier21,1,8,"['4 Recon', '2 Duelist', '3 Star Guardian', '2 Threat']","[[""Raider's Spoils"", True], ['Component Grab Bag', False], ['Thrill of the Hunt II', False]]","[['2', '1', 'Ashe', ['Shroud of Stillness']], ['2', '2', 'Ezreal', []], ['2', '3', 'Nilah', []], ['3', '3', ""Kai'Sa"", [""Guinsoo's Rageblade"", 'Hextech Gunblade', ""Rabadon's Deathcap""]], ['3', '3', 'Rammus', ['Gargoyle Stoneplate', 'Sunfire Cape', ""Warmog's Armor""]], ['3', '3', ""Cho'Gath"", ['Chalice of Power', ""Rabadon's Deathcap"", ""Thief's Gloves""]], ['3', '3', 'Vayne', ['Last Whisper', 'Guardbreaker', ""Runaan's Hurricane""]], ['2', '4', 'Ekko', ['Ionic Spark']]]",0
elitesoldier21,7,8,"['6 A.D.M.I.N.', '3 Renegade', '2 Aegis', '2 Ox Force', '1 Threat']","[['Ancient Archives I', False], ['Second Wind II', False], ['Back for Blood', True]]","[['1', '1', 'Blitzcrank', []], ['2', '2', 'Camille', []], ['2', '3', 'LeBlanc', []], ['2', '3', 'Alistar', ['Sunfire Cape']], ['1', '4', 'Viego', ['A.D.M.I.N. Emblem']], ['2', '4', 'Soraka', ['Giant Slayer', 'Blue Buff']], ['2', '4', 'BelVeth', ['Bloodthirster', 'Deathblade', 'Titan’s Resolve']], ['1', '5', 'Leona', ['A.D.M.I.N. Emblem']]]",0
elitesoldier21,8,7,"['6 Ox Force', '3 Renegade', '1 Threat']","[['Edgelord', True], ['Ox Force Heart', False], ['Verdant Veil', False]]","[['3', '1', 'Talon', ['Ionic Spark', 'Titan’s Resolve', 'Hand of Justice']], ['2', '2', 'Camille', ['Zephyr']], ['2', '2', 'Annie', []], ['2', '2', 'Fiora', []], ['2', '3', 'Rammus', ['Morellonomicon']], ['2', '3', 'Alistar', [""Archangel's Staff"", 'Rapid Firecannon', ""Thief's Gloves""]], ['1', '4', 'Viego', ['Jeweled Gauntlet', 'Titan’s Resolve']]]",0
joe bookmark,1,7,"['4 Hacker', '4 Mascot', '1 Civilian']","[['Rock Solid', True], ['Battlemage I', False], ['Jeweled Lotus', False]]","[['3', '1', 'Galio', ['Chain Vest', 'Ionic Spark', ""Thief's Gloves""]], ['3', '2', 'Yuumi', ['Chalice of Power', ""Rabadon's Deathcap""]], ['3', '2', 'Malphite', ['Hacker Emblem', 'Gargoyle Stoneplate', ""Warmog's Armor""]], ['2', '3', 'LeBlanc', ['Edge of Night', ""Guinsoo's Rageblade"", 'Spear of Shojin']], ['2', '3', 'Zoe', []], ['3', '3', 'Alistar', ['Ionic Spark', 'Sunfire Cape', ""Warmog's Armor""]], ['2', '4', 'Zed', []]]",0
joe bookmark,4,8,"['1 Corrupted', '3 Renegade', '4 Ox Force', '2 A.D.M.I.N.', '2 Threat']","[['Ox Force Crown', False], ['Trade Sector+', False], ['Upgrade: Berserk', True]]","[['2', '1', 'Talon', []], ['2', '2', 'Camille', []], ['2', '3', 'Alistar', ['Sunfire Cape', ""Warmog's Armor""]], ['2', '4', 'Soraka', ['Ox Force Emblem', 'Hextech Gunblade', 'Blue Buff']], ['2', '4', 'Sejuani', []], ['2', '4', 'Viego', ['Hextech Gunblade', 'Ionic Spark', 'Titan’s Resolve']], ['1', '5', 'Fiddlesticks', []], ['1', '5', 'Urgot', [""Guinsoo's Rageblade"", 'Last Whisper', ""Runaan's Hurricane""]]]",0
joe bookmark,4,9,"['6 Heart', '2 A.D.M.I.N.', '3 Brawler', '2 Spellslinger']","[['Cleansing Safeguard', True], ['Second Wind II', False], ['Component Grab Bag', False]]","[['2', '1', 'Lulu', []], ['2', '2', 'Yuumi', []], ['2', '2', 'Lee Sin', ['Bramble Vest', ""Dragon's Claw"", ""Warmog's Armor""]], ['2', '2', 'Vi', [""Dragon's Claw"", 'Ionic Spark']], ['2', '3', 'LeBlanc', []], ['2', '3', 'Sona', ['Giant Slayer']], ['1', '4', 'Soraka', ['Giant Slayer', 'Blue Buff', 'Hand of Justice']], ['1', '4', 'Sejuani', [""Protector's Vow"", ""Zz'Rot Portal""]], ['2', '5', 'Syndra', []]]",0
joe bookmark,8,8,"['3 Hacker', '3 Prankster', '2 Duelist', '2 Spellslinger', '3 Star Guardian']","[['Phony Frontline', False], ['Stand United II', False], ['Be the Stone', True]]","[['1', '2', 'Jinx', []], ['2', '3', 'LeBlanc', []], ['2', '3', 'Zoe', []], ['2', '3', 'Nilah', []], ['1', '4', 'Ekko', []], ['1', '4', 'Ekko', [""Dragon's Claw"", ""Warmog's Armor""]], ['2', '4', 'Zed', [""Guinsoo's Rageblade"", 'Titan’s Resolve', 'Hand of Justice']], ['2', '4', 'Taliyah', ['Hextech Gunblade', 'Infinity Edge', 'Spear of Shojin']]]",0
obbu,6,8,"['3 Supers', '4 Gadgeteen', '2 Heart']","[['Growth Spurt', True], ['Battlemage II', False], ['Axiom Arc II', False]]","[['2', '1', 'Gangplank', []], ['2', '1', 'Gangplank', []], ['2', '1', 'Poppy', ['Magnetized lonic Spark']], ['3', '1', 'Lulu', ['Hextech Gunblade', 'Giant Slayer', 'Spear of Shojin']], ['2', '2', 'Malphite', []], ['3', '2', 'Lee Sin', ['B.F. Sword', 'Rapid Firecannon', ""Thief's Gloves""]], ['3', '2', 'Annie', ['Bramble Vest', ""Protector's Vow"", 'Ionic Spark']], ['1', '3', 'Zoe', []]]",0
obbu,7,9,"['1 Arsenal', '1 Corrupted', '1 Ace', '2 Aegis', '2 Heart', '2 Ox Force', '2 Sureshot', '2 Threat']","[['Lucky Gloves', False], ['Phony Frontline', False], ['Upgrade: Berserk', True]]","[['2', '3', 'Alistar', []], ['2', '4', 'Soraka', ['Spear of Shojin', 'Spear of Shojin', ""Thief's Gloves""]], ['2', '4', 'Sejuani', [""Protector's Vow"", ""Protector's Vow""]], ['2', '4', 'Zac', ['Bramble Vest', 'Sunfire Cape', ""Thief's Gloves""]], ['2', '4', 'Samira', ['Bloodthirster', ""Thief's Gloves"", 'Titan’s Resolve']], ['1', '5', 'Fiddlesticks', ['Jeweled Gauntlet']], ['1', '5', 'Leona', []], ['1', '5', 'Syndra', []], ['1', '5', 'Aphelios', ['Hextech Gunblade', 'Giant Slayer', ""Runaan's Hurricane""]]]",0
obbu,1,8,"['3 Supers', '2 Brawler', '2 Defender', '2 Duelist', '2 Heart', '2 Mascot', '3 Star Guardian', '2 Threat']","[['Battlemage I', False], ['Trade Sector+', False], ['Shiny', True]]","[['2', '1', 'Gangplank', []], ['3', '2', 'Yuumi', [""Guinsoo's Rageblade"", 'Hextech Gunblade', 'Spear of Shojin']], ['3', '2', 'Malphite', []], ['3', '2', 'Lee Sin', ['Rapid Firecannon']], ['3', '2', 'Rell', [""Archangel's Staff"", 'Morellonomicon', ""Thief's Gloves""]], ['2', '3', ""Cho'Gath"", []], ['2', '3', 'Riven', []], ['3', '3', 'Nilah', ['Gargoyle Stoneplate', 'Ionic Spark', 'Titan’s Resolve']], ['2', '5', 'Urgot', ['Chalice of Power', 'Chalice of Power', 'Morellonomicon']]]",1
obbu,3,9,"['5 Mecha: PRIME', '3 Supers', '1 Ace', '2 Brawler', '2 Defender', '1 Threat']","[['League of Draven', True], ['Radiant Relics', False], ['Stand United II', False]]","[['2', '1', 'Wukong', [""Zeke's Herald""]], ['2', '1', 'Gangplank', []], ['2', '2', 'Malphite', []], ['2', '2', 'Lee Sin', ['Redemption']], ['3', '2', 'Draven', ['Hextech Lifeblade', 'Infinity Edge', 'Last Whisper']], ['3', '3', 'Jax', ['Jeweled Gauntlet', 'Rapid Firecannon', 'Rapid Firecannon']], ['2', '4', 'Sett', []], ['1', '5', 'Urgot', []], ['2', '5', 'Leona', [""Dragon's Claw"", ""Dragon's Claw"", 'Sunfire Cape']]]",0
kevyzhou,8,8,"['1 Corrupted', '3 A.D.M.I.N.', '2 Hacker', '2 Heart', '2 Prankster', '2 Spellslinger', '3 Threat']","[['A.D.M.I.N. Heart', False], ['Aim Assist', True], ['Phony Frontline', False]]","[['1', '3', 'Zoe', []], ['2', '3', 'LeBlanc', [""Archangel's Staff"", 'Giant Slayer', 'Statikk Shiv']], ['2', '3', 'Rammus', ['Ionic Spark', ""Warmog's Armor""]], ['2', '3', 'Sona', []], ['1', '4', 'Soraka', ['Rapid Firecannon']], ['1', '4', 'Ekko', []], ['2', '4', 'Zac', [""Runaan's Hurricane"", 'Shroud of Stillness', ""Thief's Gloves""]], ['1', '5', 'Fiddlesticks', ['Spear of Shojin', 'Statikk Shiv', ""Thief's Gloves""]]]",0
kevyzhou,1,9,"['4 Aegis', '1 Arsenal', '1 Corrupted', '1 Forecaster', '1 Ace', '2 Brawler', '1 Civilian', '2 Mascot', '2 Ox Force', '2 Sureshot', '1 Threat']","[['Boxing Lessons', True], ['Electrocharge II', False], ['Jeweled Lotus', False]]","[['2', '2', 'Vi', []], ['2', '3', 'Alistar', []], ['2', '4', 'Sejuani', ['Mascot Emblem', 'Sunfire Cape', ""Warmog's Armor""]], ['2', '4', 'Samira', ['Deathblade']], ['2', '4', 'Ekko', [""Dragon's Claw""]], ['1', '5', 'Fiddlesticks', []], ['1', '5', 'Leona', ['Bloodthirster', ""Dragon's Claw"", 'Redemption']], ['2', '5', 'Aphelios', ['Hextech Gunblade', 'Last Whisper', 'Giant Slayer']], ['2', '5', 'Janna', []]]",0
kevyzhou,2,9,"['1 Arsenal', '1 Corrupted', '3 Renegade', '3 Aegis', '4 Ox Force', '1 Ace', '3 Mascot', '1 Threat']","[['Battlemage II', False], ['High End Shopping', False], ['Heartstopper', True]]","[['2', '1', 'Talon', []], ['2', '3', 'Alistar', []], ['2', '4', 'Viego', ['Hextech Gunblade', 'Titan’s Resolve', 'Hand of Justice']], ['2', '4', 'Ekko', []], ['1', '5', 'Fiddlesticks', []], ['2', '5', 'Mordekaiser', ['Ionic Spark', 'Jeweled Gauntlet']], ['2', '5', 'Leona', ['Mascot Emblem']], ['2', '5', 'Aphelios', ['Infinity Edge', 'Guardbreaker', 'Hand of Justice']], ['2', '5', 'Nunu', ['Morellonomicon']]]",0
kevyzhou,7,8,"['6 Heart', '2 A.D.M.I.N.', '2 Brawler']","[['Cleansing Safeguard', True], ['High End Shopping', False], ['First Aid Kit II', False]]","[['1', '1', 'Blitzcrank', []], ['2', '1', 'Lulu', []], ['1', '2', 'Lee Sin', ['Quicksilver', 'Titan’s Resolve', 'Titan’s Resolve']], ['2', '2', 'Yuumi', []], ['2', '2', 'Lee Sin', ['Bloodthirster', 'Ionic Spark', 'Redemption']], ['2', '3', 'Sona', []], ['2', '4', 'Soraka', ['Hextech Gunblade', 'Jeweled Gauntlet']], ['2', '5', 'Syndra', ['Tear of the Goddess']]]",0
wololo323,2,8,"['1 Arsenal', '6 Ox Force', '3 Renegade', '2 Aegis', '2 Duelist', '2 Hacker']","[['OX-ian Rage', True], ['Battlemage II', False], ['Thrill of the Hunt II', False]]","[['3', '1', 'Talon', ['Gargoyle Stoneplate', 'Giant Slayer']], ['2', '2', 'Fiora', []], ['2', '3', 'LeBlanc', []], ['2', '3', 'Alistar', ['Redemption']], ['2', '4', 'Zed', ['Ox Force Emblem', 'Hextech Gunblade', 'Last Whisper']], ['2', '4', 'Viego', ['Bloodthirster', 'Ionic Spark', 'Titan’s Resolve']], ['1', '5', 'Leona', ['Chalice of Power']], ['1', '5', 'Aphelios', []]]",0
wololo323,8,7,"['1 Ace', '3 Anima Squad', '2 Brawler', '2 Duelist', '2 Threat']","[['Band of Thieves II', False], ['Sunfire Board', False], ['Energy Void', True]]","[['2', '3', 'Rammus', ['Recurve Bow', ""Thief's Gloves"", ""Zz'Rot Portal""]], ['2', '3', 'Riven', ['Shroud of Stillness']], ['2', '3', 'Nilah', []], ['2', '3', 'Vayne', ['Edge of Night', ""Runaan's Hurricane""]], ['3', '3', ""Cho'Gath"", ['Chalice of Power', ""Rabadon's Deathcap"", ""Thief's Gloves""]], ['1', '4', 'Sejuani', [""Warmog's Armor""]], ['2', '4', 'MissFortune', [""Rabadon's Deathcap"", 'Spear of Shojin', 'Hand of Justice']]]",0
wololo323,2,9,"['4 A.D.M.I.N.', '1 Corrupted', '4 Heart', '2 Brawler', '2 Hacker', '2 Spellslinger', '1 Threat']","[['Cleansing Safeguard', True], [""Luden's Echo II"", False], ['First Aid Kit II', False]]","[['2', '1', 'Blitzcrank', []], ['2', '2', 'Yuumi', []], ['2', '2', 'Lee Sin', ['Ionic Spark', 'Sunfire Cape', 'Redemption']], ['2', '2', 'Camille', ['Zephyr']], ['2', '3', 'LeBlanc', ['Hextech Gunblade']], ['2', '3', 'Zoe', []], ['2', '3', 'Sona', ['Jeweled Gauntlet', 'Blue Buff', 'Hand of Justice']], ['2', '4', 'Soraka', ['Jeweled Gauntlet', 'Giant Slayer', 'Blue Buff']], ['2', '5', 'Fiddlesticks', []]]",0
wololo323,6,9,"['1 Corrupted', '3 Aegis', '1 Ace', '2 Sureshot', '3 Threat']","[['True Twos', False], ['Rich Get Richer+', False], ['Daredevil', True]]","[['2', '3', 'Senna', []], ['2', '3', 'Rammus', ['Morellonomicon', ""Warmog's Armor""]], ['2', '3', 'Alistar', []], ['1', '4', 'Sejuani', []], ['2', '4', 'Samira', ['Bloodthirster', 'Last Whisper', 'Giant Slayer']], ['2', '4', 'Ekko', []], ['1', '5', 'Fiddlesticks', ['Ionic Spark']], ['1', '5', 'Leona', []], ['1', '5', 'Urgot', ['Zephyr']]]",0
assblastermaster,5,7,"['6 Brawler', '2 A.D.M.I.N.']","[['Reign of Anger', True], ['Electrocharge II', False], ['Battlemage II', False]]","[['2', '1', 'Blitzcrank', []], ['3', '1', 'Renekton', ['Titan’s Resolve', 'Hand of Justice', ""Warmog's Armor""]], ['1', '2', 'Camille', ['Giant Slayer']], ['2', '2', 'Vi', []], ['2', '3', 'Jax', []], ['2', '3', 'Riven', [""Protector's Vow""]], ['2', '4', 'Sejuani', ['Chalice of Power', 'Ionic Spark', 'Morellonomicon']]]",0
assblastermaster,3,9,"['1 Corrupted', '3 Aegis', '2 A.D.M.I.N.', '2 Hacker', '2 Heart', '2 Mascot', '2 Prankster', '2 Threat']","[['A.D.M.I.N Crest', False], ['Salvage Bin', False], ['Infuse', True]]","[['2', '3', 'LeBlanc', ['Morellonomicon', ""Thief's Gloves"", ""Zz'Rot Portal""]], ['2', '3', 'Zoe', [""Zz'Rot Portal""]], ['2', '3', 'Alistar', [""Zz'Rot Portal""]], ['2', '4', 'Soraka', ['Hextech Gunblade', 'Jeweled Gauntlet', 'Blue Buff']], ['2', '4', 'Ekko', ['Bramble Vest', 'Ionic Spark', ""Warmog's Armor""]], ['1', '5', 'Leona', []], ['1', '5', 'Urgot', []], ['1', '5', 'Nunu', []], ['2', '5', 'Fiddlesticks', [""Dragon's Claw"", 'Jeweled Gauntlet']], ['2', '5', 'Syndra', [""Tactician's Crown""]]]",1
assblastermaster,5,8,"['1 Corrupted', '6 Duelist', '3 LaserCorps', '1 Threat']","[['Thrill of the Hunt I', False], ['Trade Sector+', False], ['Contempt for the Weak', True]]","[['2', '1', 'Gangplank', []], ['2', '1', 'Kayle', []], ['2', '2', 'Yasuo', ['Locket of the Iron Solari']], ['2', '2', 'Fiora', []], ['3', '3', 'Vayne', ['Deathblade', 'Infinity Edge', 'Last Whisper']], ['2', '4', 'Sejuani', ['Sunfire Cape', 'Redemption']], ['2', '4', 'Zed', ['Bloodthirster', 'Bloodthirster', 'Quicksilver']], ['1', '5', 'Fiddlesticks', []]]",0
assblastermaster,5,9,"['8 Duelist', '1 Arsenal', '3 LaserCorps', '2 Ox Force', '1 Threat']","[['Duelist Heart', False], ['Vitality of the Ox', True], ['Duelist Crest', False]]","[['2', '2', 'Yasuo', []], ['2', '2', 'Fiora', []], ['2', '3', 'Nilah', ['Locket of the Iron Solari']], ['2', '3', 'Vayne', ['Last Whisper', 'Giant Slayer', 'Hand of Justice']], ['1', '4', 'Sejuani', ['Duelist Emblem']], ['1', '4', 'Zed', ['Quicksilver']], ['1', '5', 'Aphelios', []], ['1', '5', 'Aphelios', ['Duelist Emblem']], ['1', '5', 'Urgot', [""Protector's Vow"", 'Morellonomicon']]]",0
cool guy dom,6,7,"['3 Aegis', '1 Ace', '2 Brawler', '1 Civilian', '2 Sureshot', '3 Underground', '1 Threat']","[['Underground Soul', False], ['Phony Frontline', False], ['Eclipse Prime', True]]","[['1', '2', 'Sivir', []], ['2', '2', 'Vi', [""Zz'Rot Portal""]], ['2', '3', 'Alistar', []], ['2', '4', 'Sejuani', [""Giant's Belt""]], ['2', '4', 'Aurelion Sol', [""Archangel's Staff"", 'Giant Slayer', 'Statikk Shiv']], ['2', '4', 'Samira', ['Demon Slayer', 'Bloodthirster', 'Last Whisper']], ['1', '5', 'Leona', ['Anima Visage', 'Redemption', ""Warmog's Armor""]]]",0
cool guy dom,4,8,"['1 Corrupted', '4 Recon', '5 Threat']","[['Portable Forge', False], ['Recon Crest', False], ['Rising Tide', True]]","[['1', '2', 'Ezreal', []], ['2', '3', ""Kai'Sa"", ['Guardbreaker', 'Statikk Shiv', 'Titan’s Resolve']], ['2', '3', 'Rammus', ['Rocket-Propelled Fist', ""Dragon's Claw"", 'Sunfire Cape']], ['2', '3', ""Cho'Gath"", [""Zz'Rot Portal"", ""Zz'Rot Portal""]], ['2', '3', 'Vayne', ['Giant Slayer']], ['2', '4', 'BelVeth', ['Recon Emblem', 'Hextech Gunblade', 'Titan’s Resolve']], ['1', '5', 'Fiddlesticks', []], ['2', '5', 'Urgot', ['Blue Buff']]]",0
cool guy dom,4,8,"['4 Defender', '4 Brawler', '1 Ace', '3 Mecha: PRIME', '2 Sureshot']","[['Tiny Titans', False], ['Stand United II', False], ['Style & Flair', True]]","[['2', '1', 'Wukong', []], ['2', '2', 'Rell', []], ['2', '3', 'Senna', ['Last Whisper', 'Sparring Gloves']], ['2', '3', 'Jax', []], ['2', '3', 'Riven', []], ['2', '4', 'Sejuani', ['Bramble Vest', ""Dragon's Claw"", ""Warmog's Armor""]], ['2', '4', 'Sett', ['Brawler Emblem']], ['2', '4', 'Samira', ['Hextech Gunblade', 'Giant Slayer', ""Runaan's Hurricane""]]]",0
cool guy dom,8,6,"['4 Brawler', '2 Aegis', '3 Underground']","[['Unrelenting Force', True], ['Preparation III', False], ['Ancient Archives I', False]]","[['2', '1', 'Blitzcrank', []], ['2', '2', 'Ezreal', ['Hextech Gunblade', 'Jeweled Gauntlet', 'Blue Buff']], ['3', '2', 'Vi', ['Covalent Spark']], ['1', '3', 'Riven', []], ['2', '3', 'Alistar', ['Brawler Emblem']], ['2', '3', 'Sona', []]]",0
whaleofpeace,4,7,"['4 Recon', '3 Threat']","[['Corps Focus', True], ['Exiles II', False], ['Second Wind II', False]]","[['2', '1', 'Ashe', []], ['2', '2', 'Ezreal', []], ['2', '3', ""Kai'Sa"", [""Guinsoo's Rageblade"", 'Guardbreaker', 'Statikk Shiv']], ['2', '3', 'Rammus', ['Gargoyle Stoneplate', 'Gargoyle Stoneplate', 'Sunfire Cape']], ['2', '3', 'Vayne', []], ['3', '3', ""Cho'Gath"", ['Locket of the Iron Solari', ""Zz'Rot Portal""]], ['1', '5', 'Urgot', ['Hextech Gunblade', 'Guardbreaker']]]",0
whaleofpeace,5,9,"['5 Gadgeteen', '3 Prankster', '2 Aegis', '2 Defender', '2 Hacker', '3 Mecha: PRIME', '2 Spellslinger']","[['Prankster Crown', False], ['Gadgeteen crest', False], ['Sleepy Time', True]]","[['2', '1', 'Wukong', []], ['2', '1', 'Lulu', []], ['2', '2', 'Annie', ['Prankster Emblem', 'Ionic Spark', ""Warmog's Armor""]], ['2', '3', 'LeBlanc', [""Guinsoo's Rageblade""]], ['3', '3', 'Zoe', ['Jeweled Gauntlet', 'Morellonomicon', 'Blue Buff']], ['1', '4', 'Ekko', []], ['2', '4', 'Sett', ['Gadgeteen Emblem', 'Bramble Vest', ""Dragon's Claw""]], ['1', '5', 'Leona', []], ['1', '5', 'Nunu', ['Magnetized lonic Spark', ""Induction-Powered Warmog's Armor"", 'Redemption']]]",0
whaleofpeace,5,8,"['1 Arsenal', '3 Renegade', '3 Aegis', '4 Ox Force', '2 A.D.M.I.N.']","[['Celestial Blessing II', False], ['Rich Get Richer+', False], ['Heartstopper', True]]","[['2', '1', 'Talon', ['Shroud of Stillness']], ['2', '3', 'LeBlanc', []], ['2', '3', 'Alistar', [""Rabadon's Deathcap"", 'Statikk Shiv', ""Thief's Gloves""]], ['2', '4', 'Soraka', ['Needlessly Large Rod', 'Zephyr']], ['2', '4', 'Viego', ['Hextech Gunblade', 'Ionic Spark', 'Titan’s Resolve']], ['2', '4', 'Ekko', ['Redemption']], ['1', '5', 'Leona', ['Zephyr']], ['1', '5', 'Aphelios', []]]",0
whaleofpeace,8,7,"['4 A.D.M.I.N.', '3 Gadgeteen', '2 Hacker', '2 Heart', '2 Ox Force', '2 Spellslinger']","[['Exiles I', False], ['Aim Assist', True], ['Phony Frontline', False]]","[['1', '1', 'Lulu', []], ['2', '1', 'Blitzcrank', []], ['2', '2', 'Annie', [""Induction-Powered Warmog's Armor"", ""Warmog's Armor""]], ['1', '3', 'Alistar', []], ['2', '3', 'LeBlanc', ['Giant Slayer', 'Hand of Justice']], ['2', '3', 'Zoe', ['A.D.M.I.N. Emblem']], ['1', '4', 'Soraka', []]]",0
ops appies,5,8,"['4 Spellslinger', '2 Aegis', '2 Heart', '2 Ox Force', '3 Star Guardian', '1 Threat']","[['Item Grab Bag I', False], ['Mirror Image', True], ['Phony Frontline', False]]","[['2', '2', 'Annie', ['Negatron Cloak', 'Sunfire Cape', 'Redemption']], ['2', '3', 'LeBlanc', ['Jeweled Gauntlet', 'Spear of Shojin']], ['2', '3', 'Alistar', []], ['2', '3', 'Sona', []], ['1', '4', 'Taliyah', []], ['2', '4', 'Ekko', [""Protector's Vow""]], ['2', '5', 'Syndra', ['Blue Buff', 'Spear of Shojin']], ['2', '5', 'Urgot', ['Hextech Gunblade']]]",0
ops appies,2,7,"['3 Supers', '2 Brawler', '2 Defender', '2 Duelist', '2 Heart', '2 Mascot', '3 Star Guardian']","[['Flaming Ricochet', True], ['First Aid Kit II', False], ['Jeweled Lotus', False]]","[['3', '1', 'Gangplank', ['Guardbreaker', 'Titan’s Resolve', 'Hand of Justice']], ['2', '2', 'Yuumi', []], ['2', '2', 'Lee Sin', ['Ionic Spark']], ['3', '2', 'Malphite', ['Gargoyle Stoneplate', ""Giant's Belt"", ""Thief's Gloves""]], ['3', '2', 'Rell', ['Locket of the Iron Solari', 'Locket of the Iron Solari']], ['2', '3', 'Riven', []], ['3', '3', 'Nilah', ['Chalice of Power', 'Chalice of Power', 'Redemption']]]",0
ops appies,8,7,"['4 Recon', '2 Aegis', '2 Brawler', '1 Threat']","[['Rising Spell Force', True], ['Recon Crest', False], ['Second Wind II', False]]","[['1', '2', 'Vi', []], ['2', '2', 'Ezreal', [""Guinsoo's Rageblade"", 'Hextech Gunblade', 'Blue Buff']], ['2', '3', ""Kai'Sa"", ['Morellonomicon', ""Thief's Gloves"", ""Zz'Rot Portal""]], ['2', '3', ""Cho'Gath"", []], ['2', '3', 'Vayne', ['Morellonomicon', ""Thief's Gloves"", ""Zz'Rot Portal""]], ['1', '4', 'Ekko', ['Recon Emblem']], ['2', '4', 'Sejuani', ['Gargoyle Stoneplate']]]",0
dengjason,6,8,"['4 Brawler', '2 Aegis', '2 Defender', '2 Hacker', '3 Mecha: PRIME', '1 Threat']","[['Hacker Heart', False], ['Relentless Assault', True], ['Jeweled Lotus', False]]","[['2', '1', 'Wukong', []], ['2', '2', 'Vi', []], ['2', '3', 'LeBlanc', []], ['2', '3', 'Jax', ['Bloodthirster', 'Quicksilver', 'Rapid Firecannon']], ['2', '3', 'Riven', []], ['1', '4', 'Zac', []], ['2', '4', 'Sejuani', ['Morellonomicon', 'Sunfire Cape', ""Zz'Rot Portal""]], ['1', '5', 'Leona', [""Zeke's Herald""]]]",0
dengjason,6,8,"['4 A.D.M.I.N.', '4 Heart', '2 Brawler', '2 Spellslinger', '2 Threat']","[['Dynamic Defenses', True], ['Axiom Arc II', False], ['Thrill of the Hunt II', False]]","[['2', '1', 'Blitzcrank', ['Gargoyle Stoneplate', 'Sunfire Cape']], ['2', '2', 'Yuumi', []], ['2', '2', 'Lee Sin', ['A.D.M.I.N. Emblem']], ['2', '3', 'LeBlanc', ['Jeweled Gauntlet', ""Rabadon's Deathcap"", 'Hand of Justice']], ['2', '3', 'Sona', []], ['2', '4', 'Soraka', ['Edge of Night', 'Jeweled Gauntlet', 'Spear of Shojin']], ['2', '4', 'Zac', ['Deathblade', ""Dragon's Claw"", ""Thief's Gloves""]], ['1', '5', 'Urgot', []]]",0
dengjason,3,9,"['1 Forecaster', '4 Recon', '1 Civilian', '4 Threat']","[['Thrill of the Hunt II', False], ['Wise Spending', False], ['Shiny', True]]","[['2', '1', 'Ashe', []], ['2', '2', 'Ezreal', []], ['3', '3', ""Kai'Sa"", ['Hextech Gunblade', 'Statikk Shiv', 'Hand of Justice']], ['3', '3', 'Rammus', ['Bramble Vest', 'Gargoyle Stoneplate', 'Redemption']], ['3', '3', ""Cho'Gath"", [""Archangel's Staff"", 'Hextech Gunblade', ""Thief's Gloves""]], ['3', '3', 'Vayne', ['Jeweled Gauntlet', 'Quicksilver']], ['1', '4', 'Zac', []], ['1', '5', 'Urgot', []], ['2', '5', 'Janna', []]]",0
vesera,6,8,"['1 Forecaster', '4 Spellslinger', '5 Star Guardian', '2 Aegis', '1 Civilian', '2 Mascot', '2 Ox Force']","[['Zoomies!', True], ['Stand United I', False], ['Portable Forge', False]]","[['2', '1', 'Lux', []], ['2', '2', 'Yuumi', []], ['3', '2', 'Annie', [""Randuin's Sanctum"", 'Ionic Spark', 'Sunfire Cape']], ['2', '3', 'Alistar', []], ['2', '3', 'Nilah', [""Protector's Vow""]], ['2', '4', 'Taliyah', ['Hextech Gunblade', 'Jeweled Gauntlet', 'Blue Buff']], ['2', '4', 'Ekko', []], ['1', '5', 'Janna', ['Quicksilver', 'Blue Buff']]]",0
vesera,4,7,"['4 Recon', '2 Duelist', '3 Star Guardian', '1 Threat']","[['Phony Frontline', False], ['Trade Sector+', False], ['Chronobreak', True]]","[['2', '1', 'Ashe', []], ['3', '2', 'Ezreal', ['Shroud of Stillness']], ['2', '3', 'Rammus', ['Bramble Vest', ""Dragon's Claw"", 'Gargoyle Stoneplate']], ['3', '3', ""Kai'Sa"", ['Giant Slayer', 'Statikk Shiv', 'Hand of Justice']], ['3', '3', 'Nilah', []], ['3', '3', 'Vayne', ['Edge of Night', ""Guinsoo's Rageblade"", 'Last Whisper']], ['2', '4', 'Ekko', []]]",0
vesera,5,8,"['1 Forecaster', '4 Spellslinger', '2 A.D.M.I.N.', '2 Aegis', '1 Civilian', '2 Heart', '2 Ox Force', '2 Prankster', '3 Star Guardian']","[['Hextech Retribution', True], [""Luden's Echo II"", False], ['Prankster Crest', False]]","[['2', '2', 'Annie', []], ['2', '3', 'LeBlanc', ['Hextech Gunblade', 'Giant Slayer']], ['2', '3', 'Alistar', ['Prankster Emblem']], ['1', '4', 'Taliyah', [""Rabadon's Deathcap"", 'Blue Buff', 'Statikk Shiv']], ['2', '4', 'Soraka', []], ['2', '4', 'Ekko', [""Protector's Vow"", 'Sunfire Cape']], ['1', '5', 'Syndra', []], ['1', '5', 'Janna', []]]",0
in the cypher,2,8,"['1 Corrupted', '2 Aegis', '2 Heart', '2 Mascot', '3 Star Guardian', '2 Threat']","[['Jeweled Lotus', False], ['Voidmother', True], ['Ascension', False]]","[['2', '3', 'Alistar', []], ['2', '4', 'Soraka', ['Hextech Gunblade', 'Guardbreaker', 'Blue Buff']], ['2', '4', 'Zac', ['Bramble Vest', ""Protector's Vow"", ""Warmog's Armor""]], ['2', '4', 'Taliyah', [""Rabadon's Deathcap"", 'Spear of Shojin']], ['2', '4', 'Ekko', [""Rabadon's Deathcap"", 'Blue Buff', ""Thief's Gloves""]], ['1', '5', 'Fiddlesticks', ['Morellonomicon']], ['1', '5', 'Syndra', []], ['2', '5', 'Nunu', [""Dragon's Claw"", 'Ionic Spark']]]",0
in the cypher,7,8,"['1 Ace', '2 Aegis', '2 Brawler', '1 Civilian', '2 Sureshot', '3 Threat']","[['Cluttered Mind', False], ['Armored-dillo', True], ['Sunfire Board', False]]","[['1', '2', 'Vi', []], ['2', '2', 'Sivir', []], ['2', '3', 'Rammus', []], ['2', '4', 'Sejuani', []], ['2', '4', 'Zac', [""Dragon's Claw""]], ['2', '4', 'Samira', ['Deathblade', 'Hextech Gunblade', 'Last Whisper']], ['2', '4', 'Ekko', [""Dragon's Claw"", ""Protector's Vow"", ""Warmog's Armor""]], ['2', '4', 'BelVeth', []]]",0
in the cypher,7,8,"['1 Corrupted', '1 Ace', '2 Aegis', '2 Defender', '3 Mecha: PRIME', '2 Sureshot', '1 Threat']","[['Tiny Titans', False], ['Salvage Bin', False], ['Daredevil', True]]","[['2', '1', 'Wukong', []], ['2', '3', 'Senna', ['Statikk Shiv']], ['2', '4', 'Sett', ['Bramble Vest', 'Quicksilver', 'Redemption']], ['2', '4', 'Samira', ['Hextech Gunblade', 'Last Whisper', 'Guardbreaker']], ['2', '4', 'Ekko', ['Spear of Shojin']], ['1', '5', 'Fiddlesticks', [""Archangel's Staff""]], ['1', '5', 'Fiddlesticks', []], ['1', '5', 'Leona', []]]",0
dookyface,3,7,"['2 Aegis', '3 Anima Squad', '2 Duelist', '2 Mascot', '2 Prankster']","[['Get Excited!', True], ['Featherweights I', False], ['Second Wind II', False]]","[['3', '2', 'Malphite', [""Protector's Vow"", 'Ionic Spark', 'Sunfire Cape']], ['3', '2', 'Jinx', ['Hextech Gunblade', 'Spear of Shojin', 'Spear of Shojin']], ['1', '3', 'Alistar', []], ['2', '3', 'Riven', [""Dragon's Claw""]], ['2', '3', 'Nilah', []], ['3', '3', 'Vayne', ['Hextech Gunblade', 'Last Whisper', 'Guardbreaker']], ['1', '4', 'Ekko', []]]",0
dookyface,6,8,"['1 Corrupted', '3 Prankster', '3 Anima Squad', '2 Brawler', '2 Duelist', '2 Threat']","[['Preparation III', False], ['Celestial Blessing II', False], ['Spread Shot', True]]","[['3', '2', 'Jinx', ['Statikk Shiv', ""Zeke's Herald""]], ['1', '3', 'Zoe', []], ['2', '3', 'Riven', ['Zephyr']], ['2', '3', 'Nilah', []], ['2', '3', 'Vayne', ['Hextech Gunblade', 'Infinity Edge', 'Giant Slayer']], ['1', '4', 'Ekko', []], ['2', '4', 'Sejuani', []], ['2', '4', 'Zac', [""Dragon's Claw"", 'Sunfire Cape']], ['1', '5', 'Fiddlesticks', []]]",1
dookyface,7,8,"['6 Brawler', '2 A.D.M.I.N.', '2 Heart', '1 Threat']","[['Brawler Crest', False], ['Golden Ticket', False], ['Shiny', True]]","[['2', '1', 'Blitzcrank', []], ['2', '2', 'Lee Sin', []], ['2', '3', 'Jax', []], ['2', '3', 'Riven', []], ['1', '4', 'Sejuani', ['Gargoyle Stoneplate', 'Sunfire Cape']], ['2', '4', 'Soraka', []], ['2', '4', 'Soraka', ['Hextech Gunblade', 'Jeweled Gauntlet', 'Blue Buff']], ['1', '5', 'Urgot', ['Brawler Emblem', 'Hextech Gunblade', 'Sparring Gloves']]]",0
dimdansum,7,7,"['2 Recon', '3 Threat']","[['Double Trouble III', False], ['Ascension', False], ['Supersize', True]]","[['2', '3', ""Kai'Sa"", []], ['2', '3', ""Kai'Sa"", [""Guinsoo's Rageblade"", ""Guinsoo's Rageblade"", 'Statikk Shiv']], ['2', '3', 'Rammus', ['Ionic Spark', 'Sunfire Cape', 'Redemption']], ['2', '3', 'Rammus', []], ['2', '3', ""Cho'Gath"", []], ['2', '3', 'Vayne', []], ['2', '4', 'Zac', []]]",0
dimdansum,3,8,"['1 Forecaster', '6 Spellslinger', '2 Aegis', '1 Civilian', '2 Ox Force', '3 Star Guardian', '1 Threat']","[['Rich Get Richer', False], ['Burning Spirit', True], ['Jeweled Lotus', False]]","[['2', '1', 'Lux', []], ['2', '2', 'Annie', [""Death's Defiance"", ""Dragon's Claw"", 'Sunfire Cape']], ['2', '3', 'Alistar', [""Zz'Rot Portal""]], ['2', '3', 'Sona', ['Bloodthirster', 'Hextech Gunblade', ""Thief's Gloves""]], ['2', '4', 'Taliyah', ['Guardbreaker', ""Rabadon's Deathcap"", 'Spear of Shojin']], ['2', '4', 'Ekko', ['Chain Vest', 'Gargoyle Stoneplate']], ['1', '5', 'Urgot', ['Spellslinger Emblem']], ['1', '5', 'Janna', []]]",0
dimdansum,7,7,"['3 Recon', '2 Duelist', '3 Threat']","[[""Pandora's Bench"", False], ['Portable Forge', False], ['Shiny', True]]","[['2', '2', 'Ezreal', []], ['1', '3', 'Vayne', []], ['2', '3', ""Cho'Gath"", []], ['2', '3', 'Nilah', ['Eternal Winter', 'Ionic Spark', 'Redemption']], ['3', '3', ""Kai'Sa"", [""Guinsoo's Rageblade"", 'Giant Slayer', 'Hand of Justice']], ['3', '3', 'Rammus', []], ['1', '5', 'Urgot', ['Last Whisper']]]",0
craz,8,8,"['1 Corrupted', '1 Ace', '2 Aegis', '2 Brawler', '1 Civilian', '2 Defender', '2 Sureshot', '1 Threat']","[['Bigger, Better Buckler', True], ['Phony Frontline', False], ['Jeweled Lotus', False]]","[['2', '1', 'Wukong', []], ['2', '1', 'Poppy', []], ['2', '2', 'Vi', []], ['2', '2', 'Sivir', []], ['2', '3', 'Alistar', []], ['1', '4', 'Sejuani', [""Dragon's Claw"", ""Protector's Vow"", 'Redemption']], ['1', '4', 'Samira', ['Deathblade', 'Last Whisper']], ['1', '5', 'Fiddlesticks', []]]",0
craz,3,7,"['3 Supers', '4 Duelist', '2 Heart', '2 Mascot', '3 Star Guardian']","[['BattlemageIII', False], ['Jeweled Lotus', False], ['Spread Shot', True]]","[['2', '1', 'Gangplank', []], ['2', '2', 'Malphite', []], ['2', '2', 'Lee Sin', ['Duelist Emblem', 'Redemption']], ['3', '2', 'Yuumi', ['Giant Slayer', 'Guardbreaker', 'Blue Buff']], ['3', '2', 'Rell', []], ['2', '3', 'Vayne', ['Hextech Gunblade']], ['3', '3', 'Nilah', [""Dragon's Claw"", 'Ionic Spark', 'Sunfire Cape']]]",0
craz,6,8,"['1 Arsenal', '1 Corrupted', '1 Ace', '2 Brawler', '3 Mecha: PRIME', '2 Sureshot', '2 Threat']","[[""Luden's Echo II"", False], ['Lucky Gloves', False], ['Daredevil', True]]","[['2', '3', 'Jax', []], ['2', '4', 'Sejuani', ['Sunfire Cape']], ['2', '4', 'Sett', ['Shroud of Stillness', ""Thief's Gloves"", ""Warmog's Armor""]], ['2', '4', 'Samira', [""Guinsoo's Rageblade"", 'Hextech Gunblade', 'Last Whisper']], ['1', '5', 'Fiddlesticks', ['Morellonomicon', ""Thief's Gloves"", 'Hand of Justice']], ['1', '5', 'Leona', []], ['1', '5', 'Aphelios', ['Deathblade']], ['2', '5', 'Urgot', [""Zeke's Herald""]]]",0
highrule,4,9,"['1 Arsenal', '1 Corrupted', '1 Ace', '2 Aegis', '2 Ox Force', '3 Star Guardian', '2 Sureshot', '3 Threat']","[['Living Forge', False], ['Jeweled Lotus', False], ['Back for Blood', True]]","[['2', '3', 'Rammus', []], ['2', '3', 'Alistar', []], ['2', '3', 'Nilah', []], ['2', '4', 'Samira', ['Last Whisper', ""Runaan's Hurricane""]], ['2', '4', 'Ekko', [""Dragon's Claw"", 'Sunfire Cape', 'Redemption']], ['2', '4', 'BelVeth', [""Death's Defiance"", 'Infinity Force', 'Edge of Night']], ['1', '5', 'Fiddlesticks', ['Hextech Gunblade', 'Jeweled Gauntlet']], ['1', '5', 'Syndra', ['Manazane', 'Jeweled Gauntlet']], ['1', '5', 'Aphelios', []]]",0
highrule,6,8,"['1 Arsenal', '5 Star Guardian', '1 Ace', '2 Aegis', '2 Ox Force', '2 Spellslinger', '2 Sureshot']","[['Sunfire Board', False], ['Battlemage II', False], ['Be the Stone', True]]","[['2', '1', 'Lux', []], ['2', '3', 'Alistar', []], ['2', '3', 'Nilah', ['Bloodthirster', 'Ionic Spark', 'Titan’s Resolve']], ['2', '4', 'Samira', []], ['2', '4', 'Taliyah', ['Guardbreaker', 'Spear of Shojin', 'Statikk Shiv']], ['2', '4', 'Ekko', []], ['1', '5', 'Syndra', []], ['2', '5', 'Aphelios', ['Deathblade', 'Guardbreaker', ""Zz'Rot Portal""]]]",0
highrule,7,8,"['1 Arsenal', '1 Forecaster', '3 Aegis', '1 Ace', '1 Civilian', '2 Ox Force', '2 Sureshot', '2 Threat']","[['Sunfire Board', False], ['Second Wind II', False], ['Shiny', True]]","[['2', '3', 'Alistar', []], ['2', '4', 'Zac', ['Negatron Cloak']], ['2', '4', 'Samira', []], ['2', '4', 'Ekko', [""Protector's Vow"", 'Ionic Spark', 'Redemption']], ['1', '5', 'Leona', []], ['1', '5', 'Aphelios', ['Hextech Gunblade', 'Last Whisper', 'Guardbreaker']], ['1', '5', 'Urgot', ['Last Whisper']], ['1', '5', 'Janna', []]]",0
fares,8,7,"['1 Corrupted', '1 Ace', '2 Brawler', '2 Defender', '3 Mecha: PRIME', '2 Sureshot', '1 Threat']","[['Unrelenting Force', True], ['Celestial Blessing I', False], ['Jeweled Lotus', False]]","[['1', '1', 'Wukong', []], ['2', '2', 'Vi', ['Titan’s Resolve', 'Zephyr']], ['2', '3', 'Senna', []], ['2', '3', 'Jax', []], ['1', '4', 'Samira', ['Hextech Gunblade', 'Last Whisper', 'Guardbreaker']], ['2', '4', 'Sett', []], ['1', '5', 'Fiddlesticks', []]]",0
fares,7,6,"['3 Supers', '1 Ace', '2 Brawler', '3 Mecha: PRIME']","[['Jeweled Lotus', False], ['Featherweights II', False], ['Eclipse Prime', True]]","[['2', '1', 'Gangplank', ['Jeweled Gauntlet', ""Zeke's Herald""]], ['2', '2', 'Malphite', ['Bramble Vest', 'Redemption', ""Thief's Gloves""]], ['3', '2', 'Lee Sin', ['Bramble Vest', 'Sunfire Cape']], ['3', '2', 'Draven', ['Bloodthirster', 'Last Whisper', 'Hand of Justice']], ['1', '3', 'Jax', []], ['1', '5', 'Leona', []]]",0
fares,3,9,"['1 Arsenal', '1 Corrupted', '1 Forecaster', '4 Sureshot', '1 Ace', '2 Brawler', '1 Civilian', '2 Defender', '3 Mecha: PRIME', '2 Ox Force', '1 Threat']","[['Sureshot Crest', False], ['Jeweled Lotus', False], ['Daredevil', True]]","[['2', '1', 'Wukong', []], ['2', '3', 'Senna', ['A.D.M.I.N. Emblem']], ['2', '3', 'Jax', []], ['2', '4', 'Sejuani', ['Sureshot Emblem']], ['2', '4', 'Sett', [""Dragon's Claw"", 'Sunfire Cape', ""Warmog's Armor""]], ['2', '4', 'Samira', ['Last Whisper', 'Giant Slayer', 'Hand of Justice']], ['1', '5', 'Janna', []], ['2', '5', 'Fiddlesticks', ['Ox Force Emblem']], ['2', '5', 'Aphelios', ['Guardbreaker', ""Zeke's Herald"", ""Zeke's Herald""]]]",0
itschandlergg,4,7,"['4 A.D.M.I.N.', '3 Renegade', '2 Hacker', '2 Ox Force']","[['Adaptive Defensives', True], ['Tiny Titans', False], ['Jeweled Lotus', False]]","[['2', '1', 'Blitzcrank', ['Bramble Vest', 'Sunfire Cape', ""Zz'Rot Portal""]], ['2', '1', 'Talon', []], ['3', '2', 'Camille', ['Deathblade', 'Titan’s Resolve', 'Hand of Justice']], ['2', '3', 'LeBlanc', []], ['2', '3', 'Zoe', ['Last Whisper']], ['1', '4', 'Soraka', []], ['2', '4', 'Viego', ['Hextech Gunblade', 'Ionic Spark']]]",0
itschandlergg,8,8,"['5 Anima Squad', '1 Ace', '2 Mascot', '2 Prankster']","[[""Three's Company"", False], ['Salvage Bin', False], ['Contagious Laughter', True]]","[['2', '1', 'Nasus', []], ['2', '1', 'Sylas', []], ['2', '2', 'Jinx', []], ['2', '3', 'Riven', ['Bramble Vest', 'Ionic Spark', 'Redemption']], ['2', '3', 'Nilah', []], ['1', '4', 'Ekko', []], ['1', '4', 'MissFortune', ['Jeweled Gauntlet', 'Guardbreaker', 'Spear of Shojin']], ['1', '5', 'Nunu', ['Hextech Gunblade', 'Redemption']]]",0
itschandlergg,6,8,"['1 Corrupted', '7 Threat']","[['Gadgeteen Heart', False], ['Threat Level: Maximum', False], ['Triumphant Return', True]]","[['2', '3', 'Rammus', []], ['2', '3', ""Cho'Gath"", []], ['2', '3', 'Riven', []], ['2', '4', 'Zac', ['Redemption', ""Warmog's Armor""]], ['2', '4', 'Aurelion Sol', ['Giant Slayer', 'Spear of Shojin']], ['2', '4', 'BelVeth', ['Bloodthirster', 'Jeweled Gauntlet', 'Last Whisper']], ['1', '5', 'Fiddlesticks', ['Ionic Spark', 'Jeweled Gauntlet', 'Titan’s Resolve']], ['1', '5', 'Urgot', []]]",0
phi lii special,7,8,"['3 Recon', '2 A.D.M.I.N.', '1 Ace', '3 Anima Squad', '2 Brawler', '2 Duelist', '3 Star Guardian']","[['Petricite Chains', True], ['Sunfire Board', False], ['Recon Crest', False]]","[['2', '1', 'Blitzcrank', []], ['2', '3', ""Kai'Sa"", [""Guinsoo's Rageblade"", ""Guinsoo's Rageblade"", 'Jeweled Gauntlet']], ['2', '3', 'Riven', []], ['2', '3', 'Nilah', [""Dragon's Claw"", 'Gargoyle Stoneplate', 'Redemption']], ['2', '3', 'Vayne', []], ['1', '4', 'Soraka', []], ['1', '4', 'Ekko', []], ['2', '4', 'MissFortune', ['Recon Emblem', 'Spear of Shojin']]]",0
phi lii special,6,8,"['1 Forecaster', '3 Hacker', '4 Spellslinger', '1 Civilian', '2 Ox Force']","[[""Luden's Echo II"", False], ['Component Grab Bag', False], ['Glacial Prison', True]]","[['2', '2', 'Annie', []], ['1', '3', 'LeBlanc', []], ['2', '3', 'Zoe', []], ['2', '3', 'Alistar', [""Zz'Rot Portal""]], ['1', '4', 'Zed', ['Bloodthirster', 'Edge of Night', 'Hand of Justice']], ['2', '4', 'Sejuani', ['Gargoyle Stoneplate', 'Sunfire Cape']], ['2', '4', 'Taliyah', ['Jeweled Gauntlet', 'Giant Slayer', 'Spear of Shojin']], ['1', '5', 'Janna', []]]",0
phi lii special,6,8,"['4 Renegade', '2 A.D.M.I.N.', '3 Ox Force', '2 Spellslinger', '1 Threat']","[['Hextech Retribution', True], ['Ancient Archives I', False], ['Battlemage II', False]]","[['2', '1', 'Sylas', []], ['2', '2', 'Camille', []], ['2', '2', 'Annie', [""Dragon's Claw"", 'Ionic Spark']], ['2', '3', 'LeBlanc', ['Renegade Emblem']], ['2', '3', 'Alistar', [""Warmog's Armor""]], ['2', '3', 'Nilah', []], ['2', '4', 'Viego', ['Jeweled Gauntlet', 'Giant Slayer', 'Hand of Justice']], ['1', '5', 'Urgot', ['Hand of Justice']]]",0
drownedgod,6,8,"['2 A.D.M.I.N.', '2 Heart', '2 Mascot', '2 Spellslinger', '3 Star Guardian', '1 Threat']","[['Battlemage II', False], ['Upgrade: Berserk', True], ['Phony Frontline', False]]","[['2', '2', 'Yuumi', []], ['2', '3', 'LeBlanc', []], ['2', '4', 'Soraka', ['Jeweled Gauntlet', 'Giant Slayer', 'Statikk Shiv']], ['2', '4', 'Sejuani', ['Negatron Cloak']], ['2', '4', 'Zac', []], ['2', '4', 'Taliyah', ['Guardbreaker', 'Blue Buff']], ['2', '4', 'Ekko', ['Sunfire Cape', 'Redemption', ""Warmog's Armor""]], ['1', '5', 'Nunu', []]]",0
drownedgod,6,6,"['3 Supers', '2 Brawler', '2 Defender', '2 Heart', '2 Mascot', '3 Star Guardian']","[['Preparation II', False], ['Gifted', True], ['Supers Heart', False]]","[['2', '2', 'Yuumi', ['Jeweled Gauntlet', 'Giant Slayer', 'Rapid Firecannon']], ['3', '2', 'Malphite', ['B.F. Sword', 'Infinity Edge']], ['3', '2', 'Lee Sin', []], ['3', '2', 'Rell', []], ['2', '3', 'Riven', []], ['2', '3', 'Nilah', ['Ionic Spark', 'Redemption', 'Titan’s Resolve']]]",0
drownedgod,8,7,"['1 Corrupted', '3 Supers', '2 Duelist', '2 Heart', '2 Mascot', '3 Star Guardian', '1 Threat']","[['Featherweights II', False], ['Trade Sector+', False], ['Absolute Corruption', True]]","[['1', '1', 'Gangplank', []], ['2', '2', 'Lee Sin', []], ['2', '2', 'Rell', []], ['3', '2', 'Yuumi', ['Jeweled Gauntlet', 'Blue Buff']], ['3', '2', 'Malphite', []], ['2', '3', 'Nilah', ['Bramble Vest', 'Ionic Spark', 'Redemption']], ['1', '5', 'Fiddlesticks', []]]",0
koto vt,7,8,"['1 Corrupted', '3 Renegade', '4 Ox Force', '3 Threat']","[['Cybernetic Implants II', False], ['Heartstopper', True], ['Battlemage II', False]]","[['2', '1', 'Talon', ['Chalice of Power', ""Zz'Rot Portal""]], ['2', '2', 'Camille', ['Recurve Bow']], ['2', '2', 'Annie', ['Locket of the Iron Solari']], ['2', '3', 'Rammus', [""Protector's Vow""]], ['2', '3', 'Alistar', []], ['2', '4', 'Viego', ['Hextech Gunblade', 'Ionic Spark', 'Jeweled Gauntlet']], ['1', '5', 'Fiddlesticks', []], ['1', '5', 'Urgot', []]]",0
koto vt,7,7,"['3 Supers', '2 Duelist', '2 Heart', '2 Mascot', '4 Star Guardian']","[['Hustler', False], ['Battlemage II', False], ['Chronobreak', True]]","[['2', '1', 'Gangplank', []], ['2', '2', 'Yuumi', ['Jeweled Gauntlet', 'Blue Buff']], ['2', '2', 'Lee Sin', []], ['3', '2', 'Malphite', []], ['3', '2', 'Rell', ['Gargoyle Stoneplate', 'Negatron Cloak']], ['2', '3', 'Nilah', ['Ionic Spark', 'Redemption', 'Titan’s Resolve']], ['1', '4', 'Ekko', []]]",0
koto vt,7,6,"['3 Supers', '2 Duelist', '2 Heart', '2 Mascot', '3 Star Guardian']","[['Invigorate', True], ['Trade Sector+', False], ['Component Grab Bag', False]]","[['2', '1', 'Gangplank', []], ['2', '2', 'Yuumi', ['Jeweled Gauntlet', 'Giant Slayer', 'Hand of Justice']], ['2', '2', 'Lee Sin', []], ['2', '2', 'Rell', ['Bloodthirster', 'Titan’s Resolve']], ['3', '2', 'Malphite', []], ['3', '3', 'Nilah', ['Ionic Spark', 'Redemption', 'Titan’s Resolve']]]",0
tetravoltex,7,8,"['1 Corrupted', '1 Forecaster', '2 Aegis', '1 Civilian', '3 Gadgeteen', '3 Heart', '2 Ox Force', '2 Prankster', '2 Spellslinger', '1 Threat']","[['Gadgeteen Heart', False], ['Sleepy Time', True], ['Heart Crest', False]]","[['2', '2', 'Annie', []], ['1', '3', 'Alistar', []], ['2', '3', 'Zoe', ['Heart Emblem', 'Jump-Started Spear of Shojin']], ['2', '4', 'Soraka', ['Jeweled Gauntlet', 'Giant Slayer', 'Blue Buff']], ['2', '4', 'Ekko', ['Gargoyle Stoneplate', 'Redemption', 'Titan’s Resolve']], ['1', '5', 'Fiddlesticks', []], ['1', '5', 'Syndra', []], ['1', '5', 'Janna', []]]",0
tetravoltex,7,8,"['4 Aegis', '2 Brawler', '2 Heart', '2 Ox Force', '2 Prankster', '2 Spellslinger']","[['Boxing Lessons', True], ['Component Grab Bag', False], ['Celestial Blessing II', False]]","[['2', '2', 'Vi', []], ['2', '2', 'Annie', ['Aegis Emblem']], ['1', '3', 'Alistar', []], ['2', '3', 'Zoe', ['Chalice of Power', 'Chalice of Power', 'Morellonomicon']], ['2', '3', 'Sona', []], ['2', '4', 'Soraka', ['Giant Slayer', 'Spear of Shojin', 'Statikk Shiv']], ['2', '4', 'Sejuani', ['Bramble Vest', 'Bramble Vest', ""Warmog's Armor""]], ['2', '4', 'Ekko', []]]",0
tetravoltex,8,7,"['6 Brawler', '2 A.D.M.I.N.', '2 Heart']","[['Item Grab Bag I', False], ['Scoped Weapons I', False], ['Glacial Prison', True]]","[['2', '1', 'Blitzcrank', []], ['2', '2', 'Lee Sin', []], ['2', '2', 'Vi', []], ['2', '3', 'Jax', ['Hextech Gunblade', 'Jeweled Gauntlet', 'Rapid Firecannon']], ['2', '3', 'Riven', [""Zz'Rot Portal""]], ['2', '4', 'Soraka', [""Runaan's Hurricane""]], ['2', '4', 'Sejuani', [""Protector's Vow"", 'Ionic Spark', 'Sunfire Cape']]]",0
megabassman,8,7,"['5 Anima Squad', '1 Ace', '2 Brawler', '2 Prankster']","[['Trade Sector', False], ['Make It Rain', True], ['Jeweled Lotus', False]]","[['2', '1', 'Nasus', []], ['2', '2', 'Jinx', ['Zephyr']], ['2', '3', 'Riven', []], ['2', '3', 'Vayne', []], ['1', '4', 'Sejuani', []], ['1', '4', 'MissFortune', ['Giant Slayer', ""Rabadon's Deathcap"", 'Statikk Shiv']], ['2', '4', 'Ekko', ['Needlessly Large Rod', 'Sunfire Cape']]]",0
megabassman,8,8,"['1 Corrupted', '4 Heart', '2 Aegis', '2 Mascot', '2 Ox Force', '2 Prankster', '1 Threat']","[['Salvage Bin', False], ['Cleansing Safeguard', True], ['Heart Crest', False]]","[['2', '2', 'Yuumi', []], ['2', '2', 'Lee Sin', ['Gargoyle Stoneplate', 'Ionic Spark', ""Warmog's Armor""]], ['2', '2', 'Annie', []], ['2', '3', 'Zoe', ['Heart Emblem', 'Chalice of Power']], ['2', '3', 'Alistar', []], ['1', '4', 'Ekko', []], ['2', '4', 'Soraka', ['Hextech Gunblade', 'Giant Slayer', 'Blue Buff']], ['1', '5', 'Fiddlesticks', []]]",0
megabassman,8,7,"['3 Aegis', '1 Ace', '2 Brawler', '1 Civilian', '2 Sureshot', '3 Underground']","[['Item Grab Bag I', False], ['Component Grab Bag', False], ['Chronobreak', True]]","[['2', '2', 'Vi', []], ['2', '2', 'Sivir', [""Guinsoo's Rageblade"", 'Quicksilver']], ['2', '3', 'Alistar', ['Guardbreaker', 'Shroud of Stillness', ""Thief's Gloves""]], ['2', '3', 'Sona', ['Morellonomicon', 'Shroud of Stillness']], ['1', '4', 'Samira', ['Hextech Gunblade', 'Last Whisper', 'Quicksilver']], ['2', '4', 'Sejuani', [""Protector's Vow"", ""Warmog's Armor""]], ['2', '4', 'Ekko', ['Gargoyle Stoneplate', 'Sunfire Cape', 'Redemption']]]",0
lotos,5,9,"['6 Duelist', '5 Underground', '1 Ace', '2 Recon', '2 Sureshot']","[['Duelist Crest', False], ['Level Up!', False], ['Daredevil', True]]","[['2', '1', 'Kayle', [""Guinsoo's Rageblade"", 'Hextech Gunblade']], ['1', '2', 'Vi', [""Dragon's Will"", 'Negatron Cloak']], ['2', '2', 'Yasuo', []], ['2', '2', 'Ezreal', []], ['2', '2', 'Fiora', []], ['2', '3', 'Sona', ['Duelist Emblem', 'Blue Buff']], ['2', '3', 'Nilah', [""Protector's Vow"", 'Locket of the Iron Solari']], ['2', '3', 'Vayne', ['Sureshot Emblem', 'Infinity Edge']], ['1', '4', 'Samira', ['Last Whisper']]]",0
lotos,8,7,"['5 LaserCorps', '2 Threat']","[['Woodland Charm', False], ['Last Stand', False], ['Shiny', True]]","[['2', '1', 'Renekton', ['Gargoyle Stoneplate']], ['3', '1', 'Ashe', []], ['3', '1', 'Ashe', []], ['2', '2', 'Yasuo', []], ['2', '3', 'Senna', []], ['2', '3', 'Zoe', ['LaserCorps Emblem', 'Tear of the Goddess']], ['1', '4', 'Aurelion Sol', []], ['1', '5', 'Urgot', ['Needlessly Large Rod', 'Titan’s Resolve']]]",1
lotos,8,7,"['5 Brawler', '3 LaserCorps', '1 Threat']","[['Trade Sector', False], ['Cybernetic Shell II', False], ['Rising Tide', True]]","[['2', '1', 'Renekton', []], ['3', '1', 'Blitzcrank', ['Bloodthirster']], ['3', '1', 'Ashe', ['Infinity Edge', 'Quicksilver']], ['3', '2', 'Vi', []], ['2', '3', 'Jax', ['Rapid Firecannon', 'Recurve Bow']], ['2', '4', 'Sejuani', ['Sunfire Cape', 'Tear of the Goddess']], ['1', '5', 'Urgot', []]]",0
dayleft,3,8,"['6 Brawler', '2 A.D.M.I.N.', '2 Heart', '1 Threat']","[['Tiny Titans', False], ['Second Wind II', False], ['Shatter', True]]","[['2', '1', 'Blitzcrank', []], ['2', '2', 'Lee Sin', []], ['2', '2', 'Vi', []], ['2', '3', 'Riven', [""Giant's Belt"", 'Ionic Spark', 'Sunfire Cape']], ['3', '3', 'Jax', [""Guinsoo's Rageblade"", 'Hextech Gunblade', 'Rapid Firecannon']], ['1', '4', 'Aurelion Sol', []], ['2', '4', 'Soraka', [""Archangel's Staff"", 'Giant Slayer', 'Spear of Shojin']], ['2', '4', 'Sejuani', [""Archangel's Staff"", 'Rapid Firecannon', ""Thief's Gloves""]]]",0
dayleft,2,9,"['1 Arsenal', '3 Heart', '3 Mascot', '4 Star Guardian', '1 Threat']","[['Rich Get Richer', False], ['Trade Sector+', False], ['Contagious Laughter', True]]","[['3', '2', 'Yuumi', ['Hextech Gunblade', 'Giant Slayer', 'Blue Buff']], ['3', '2', 'Lee Sin', ['Mascot Emblem']], ['3', '2', 'Rell', [""Zz'Rot Portal""]], ['2', '3', 'Nilah', ['Ionic Spark', 'Redemption', ""Warmog's Armor""]], ['1', '5', 'Nunu', [""Thief's Gloves"", ""Warmog's Armor"", ""Warmog's Armor""]], ['2', '5', 'Leona', []], ['2', '5', 'Syndra', []], ['2', '5', 'Aphelios', []], ['2', '5', 'Urgot', ['Shroud of Stillness']]]",0
dayleft,3,8,"['5 Anima Squad', '1 Corrupted', '1 Ace', '2 Brawler', '2 Mascot', '1 Threat']","[['Get Excited!', True], ['Celestial Blessing II', False], ['Phony Frontline', False]]","[['2', '1', 'Nasus', []], ['2', '2', 'Jinx', ['Giant Slayer', 'Spear of Shojin', 'Titan’s Resolve']], ['1', '3', 'Riven', []], ['2', '3', 'Vayne', []], ['1', '4', 'MissFortune', ['Statikk Shiv']], ['2', '4', 'Sejuani', ['Sunfire Cape', ""Warmog's Armor""]], ['1', '5', 'Fiddlesticks', ['Gold Collector', 'Jeweled Gauntlet', 'Giant Slayer']], ['1', '5', 'Nunu', []]]",0
dayleft,8,5,"['4 Anima Squad', '2 Mascot']","[['Anima Squad Heart', False], ['Guardian Spirit', True]]","[['1', '1', 'Sylas', ['Chain Vest']], ['2', '1', 'Nasus', []], ['1', '2', 'Malphite', []], ['1', '2', 'Jinx', []], ['1', '2', 'Jinx', [""Rabadon's Deathcap""]]]",0
